,numero_solicitacao,razaoSocial,nomeFantasia,cnpjSemTraco,maiorAtraso,margemBrutaAcumulada,percentualProtestos,primeiraCompra,prazoMedioRecebimentoVendas,titulosEmAberto,valorSolicitado,status,definicaoRisco,diferencaPercentualRisco,percentualRisco,dashboardCorrelacao,valorAprovado,dataAprovadoEmComite,periodoBalanco,ativoCirculante,passivoCirculante,totalAtivo,totalPatrimonioLiquido,endividamento,duplicatasAReceber,estoque,faturamentoBruto,margemBruta,periodoDemonstrativoEmMeses,custos,anoFundacao,intervaloFundacao,capitalSocial,restricoes,empresa_MeEppMei,scorePontualidade,limiteEmpresaAnaliseCredito,dataAprovadoNivelAnalista
2057,2130,Sean Cox-Parsons,Lynne Alexander-Hill,AZWG08314036490509,3,0.4389350443,0.0,2017-07-31T00:00:00,0,42879.29,60000.0,EmAnaliseDocumentacao,De 0 a 10 % - Muito Baixo,1.0,0.0,0.0,,,,,,,,,,,,,,,,,,,,1.0,,
2070,2143,Mr. Mohamed Kennedy,Ms. Pauline Sinclair,AADG56617962174727,74,0.3987455958,0.0,2009-05-22T00:00:00,0,58080.0,145000.0,EmAnaliseDocumentacao,De 0 a 10 % - Muito Baixo,1.0,0.0,0.0,,,,,,,,,,,,,,,,,,,,1.0,,
2113,2186,David Hill,Benjamin Norton,NYOL66606190833343,4,0.4855455589,0.0,2019-05-10T00:00:00,0,0.0,150000.0,EmAnaliseDocumentacao,De 0 a 10 % - Muito Baixo,1.0,0.0,0.0,,,,,,,,,,,,,,,,,,,,1.0,,
2126,2199,Leigh Hughes-Pearce,Annette Perkins,IJXE11538394396738,32,0.3787503216,0.0,2011-10-21T00:00:00,38,537860.61,1260000.0,EmAnaliseDocumentacao,De 0 a 10 % - Muito Baixo,1.0,0.0,0.0,,,,,,,,,,,,,,,,,,,,0.9963270695,,
2132,2205,Stephanie Sutton,Chelsea Scott,ZWMW11160431817188,28,0.6804625377,0.0,2013-04-08T00:00:00,0,0.0,20000.0,EmAnaliseDocumentacao,De 0 a 10 % - Muito Baixo,1.0,0.0,0.0,,,,,,,,,,,,,,,,,,,,1.0,,
2145,2218,Ian Jones,Pamela Owens-Moran,DEOB93865074175673,45,0.3770905815,0.0,2012-08-21T00:00:00,50,790121.45,900000.0,EmAnaliseDocumentacao,De 11 a 30 % - Baixo,0.75,0.25,0.0,,,2019-12-31T03:00:00,17100460.0,10803355.0,39900835.0,0.0,0.0,6605103.0,7572634.0,52924766.0,16381706.0,12.0,36543060.0,2011.0,De 6 a 10 anos,14380475.0,False,False,1.0,12323520.0,
2162,2235,Mrs. Sylvia Lawrence,Ronald Wood,UGFP92296176590176,2,0.5861232635,0.0,2018-07-25T00:00:00,0,0.0,15000.0,EmAnaliseDocumentacao,De 0 a 10 % - Muito Baixo,1.0,0.0,0.0,,,,,,,,,,,,,,,,,,,,1.0,,
2235,2308,Anne Reynolds-Allan,Leonard King,JIZH39563758226581,3,0.3176916667,0.0,2018-05-17T00:00:00,0,0.0,49999.0,EmAnaliseDocumentacao,De 0 a 10 % - Muito Baixo,1.0,0.0,0.0,,,,,,,,,,,,,,,,,,,,1.0,,
2262,2335,Dr. Graeme Butler,Mohammed Cook,MUIG89897730094895,35,0.5988474046,0.0,2013-08-15T00:00:00,42,131000.0,300000.0,EmAnaliseDocumentacao,De 0 a 10 % - Muito Baixo,1.0,0.0,0.0,,,,,,,,,,,,,,,,,,,,1.0,,
2273,2346,Victor Smith,Denis Moore,VRLB26644954124275,28,0.4425530194,0.0,2018-03-23T00:00:00,119,11864.5,40000.0,EmAnaliseDocumentacao,De 0 a 10 % - Muito Baixo,1.0,0.0,0.0,,,,,,,,,,,,,,,,,,,,1.0,,
2335,2408,Stacey Taylor,Carly Hamilton,YZJZ74754922350776,0,0.0,0.0,2020-05-28T03:00:00,0,0.0,450000.0,EmAnaliseDocumentacao,De 0 a 10 % - Muito Baixo,0.8928571428571428,0.1071428571428571,0.0,,,2018-12-31T02:00:00,63375000.0,20754000.0,75675000.0,54217000.0,12096000.0,22480000.0,0.0,3018000.0,1282000.0,12.0,1736000.0,1996.0,Acima de 17 anos,3500000.0,False,False,0.0,127853.0,
2361,2434,Julia Anderson,Antony Mitchell,HJOD61946164590057,8,0.3897275988,0.0,2012-06-05T00:00:00,41,20966.63,40000.0,EmAnaliseDocumentacao,De 0 a 10 % - Muito Baixo,1.0,0.0,0.0,,,,,,,,,,,,,,,,,,,,1.0,,
2383,2456,Mrs. Melissa Smith,Ryan Andrews-Turner,FVRT37108807539023,50,0.5448893773,0.0,2017-01-24T00:00:00,41,34125.0,44864.0,EmAnaliseDocumentacao,De 0 a 10 % - Muito Baixo,1.0,0.0,0.0,,,,,,,,,,,,,,,,,,,,0.7653142544,,
2385,2458,Mrs. Melissa Smith,Ryan Andrews-Turner,FVRT37108807539023,50,0.5448893773,0.0,2017-01-24T00:00:00,41,34125.0,44864.0,EmAnaliseDocumentacao,De 0 a 10 % - Muito Baixo,1.0,0.0,0.0,,,,,,,,,,,,,,,,,,,,0.7653142544,,
2422,2495,Louise Waters,Matthew Gordon,KRWV71711055006422,12,0.6203146502,0.0,2015-04-30T00:00:00,0,0.0,15000.0,EmAnaliseDocumentacao,De 0 a 10 % - Muito Baixo,1.0,0.0,0.0,,,,,,,,,,,,,,,,,,,,1.0,,
2437,2510,Holly Fletcher,Neil Gallagher,XFIJ75598067266644,19,0.2306407082,0.0,2018-05-29T00:00:00,29,60326.66,45000.0,EmAnaliseDocumentacao,De 0 a 10 % - Muito Baixo,1.0,0.0,0.0,,,,,,,,,,,,,,,,,,,,1.0,,
2444,2517,Malcolm Bolton,Janet Owen,EWWP39022791129732,42,0.0,,2018-08-28T10:48:01,0,0.0,750000.0,EmAnaliseDocumentacao,De 0 a 10 % - Muito Baixo,1.0,0.0,0.0,,,,,,,,,,,,,,,,,,,,0.0,,
2445,2518,Malcolm Bolton,Francis Andrews,WQDA74481173716737,20,0.0,,2019-02-12T14:46:13,0,0.0,390000.0,EmAnaliseDocumentacao,De 0 a 10 % - Muito Baixo,1.0,0.0,0.0,,,,,,,,,,,,,,,,,,,,0.0,,
2446,2519,Malcolm Bolton,Janet Owen,ILVD04250361101576,14,0.0,,2018-08-27T10:47:14,0,0.0,2700000.0,EmAnaliseDocumentacao,De 0 a 10 % - Muito Baixo,1.0,0.0,0.0,,,,,,,,,,,,,,,,,,,,0.0,,
2518,2591,Ms. Lauren Short,William Hart,UBND25917509975623,3,0.5126153152,0.0,2019-01-31T00:00:00,114,765000.0,150000.0,EmAnaliseDocumentacao,De 0 a 10 % - Muito Baixo,1.0,0.0,0.0,,,,,,,,,,,,,,,,,,,,1.0,,
2521,2594,Dr. Derek Griffiths,Hilary Davis,OLGI45589194660211,4,0.5492659285,0.0,2017-01-12T00:00:00,8,33660.0,86000.0,EmAnaliseDocumentacao,De 0 a 10 % - Muito Baixo,1.0,0.0,0.0,,,,,,,,,,,,,,,,,,,,1.0,,
2558,2631,Lee Bartlett-Fletcher,Tracey Owen,JPAL72760231225093,92,0.0,,2018-12-04T10:48:15,0,0.0,300000.0,EmAnaliseDocumentacao,De 31 a 50 % - Médio,0.5892857142857142,0.4107142857142857,0.866025403784439,,,,,,,,,,,,,,,2017.0,De 0 a 5 anos,100000.0,False,False,0.0,49477.0,
2634,2707,Douglas Taylor,Dale Lowe,JXCH36268697453955,18,0.3745726656,0.0,2014-02-21T00:00:00,44,90290.9,27000.0,EmAnaliseDocumentacao,De 0 a 10 % - Muito Baixo,1.0,0.0,0.0,,,,,,,,,,,,,,,,,,,,0.8306436156,,
2745,2818,Carolyn Taylor,Katy Carter-Benson,UDSU64936459507935,0,0.2817467795,0.0,2020-02-19T00:00:00,0,0.0,130000.0,EmAnaliseDocumentacao,De 0 a 10 % - Muito Baixo,1.0,0.0,0.0,,,,,,,,,,,,,,,,,,,,1.0,,
2751,2824,Gordon Sinclair,Alan Foster,BEXC09215395787859,6,0.0,,2018-07-30T16:47:41,0,0.0,18000.0,EmAnaliseDocumentacao,De 0 a 10 % - Muito Baixo,1.0,0.0,0.0,,,,,,,,,,,,,,,,,,,,0.0,,
2764,2837,Elliot Stephenson,Adrian Graham,LOVL82962402474134,43,0.2458177861,0.0,2006-07-10T00:00:00,27,6432.0,250000.0,EmAnaliseDocumentacao,De 0 a 10 % - Muito Baixo,1.0,0.0,0.0,,,,,,,,,,,,,,,,,,,,1.0,,
2768,2841,Dr. Charlie Mahmood,Kevin O'Donnell,CBOR02474212875560,11,0.3468349625,0.0,2017-01-05T00:00:00,0,3428.52,60000.0,EmAnaliseDocumentacao,De 0 a 10 % - Muito Baixo,1.0,0.0,0.0,,,,,,,,,,,,,,,,,,,,0.6020376263,,
2814,2887,Lindsey Hughes,Mandy Stewart,MBFE92902174579099,15,0.2866087303,0.0,2013-01-30T00:00:00,26,46346.4,50000.0,EmAnaliseDocumentacao,De 0 a 10 % - Muito Baixo,1.0,0.0,0.0,,,,,,,,,,,,,,,,,,,,1.0,,
2847,2920,Dr. Harry Hill,Dr. Joshua Riley,NNMU56282801577932,10,0.6881583596,0.0,2013-01-22T00:00:00,88,7386.67,10000.0,EmAnaliseDocumentacao,De 0 a 10 % - Muito Baixo,1.0,0.0,0.0,,,,,,,,,,,,,,,,,,,,0.8979285103,,
2888,2961,Alexander Lewis,Charles Cox,ZGKQ97839617618391,12,0.257891944,0.0,2016-10-03T00:00:00,141,28237.07,30000.0,EmAnaliseDocumentacao,De 0 a 10 % - Muito Baixo,1.0,0.0,0.0,,,,,,,,,,,,,,,,,,,,0.7377491311,,
2957,3030,Anthony Dyer,Dr. Malcolm Young,LMBV84416588710179,0,0.3824257821,0.0,2020-03-31T00:00:00,32,10700.18,30000.0,EmAnaliseDocumentacao,De 0 a 10 % - Muito Baixo,1.0,0.0,0.0,,,,,,,,,,,,,,,,,,,,1.0,,
3028,3101,Mr. Bryan Sykes,Denise Shaw-Jordan,TJKX86388200010319,9,0.0,,2019-12-16T11:54:19,0,0.0,200000.0,EmAnaliseDocumentacao,De 0 a 10 % - Muito Baixo,1.0,0.0,0.0,,,,,,,,,,,,,,,,,,,,0.0,,
3143,3216,Thomas Jones,Yvonne Gregory,RQPA99286134726434,33,0.4513427803,0.0,2006-08-23T00:00:00,55,185191.73,200000.0,EmAnaliseDocumentacao,De 0 a 10 % - Muito Baixo,1.0,0.0,0.0,,,,,,,,,,,,,,,,,,,,0.9916580074,,
3223,3296,Dr. Jake Dale,Mr. Ricky Williams,SPID07567212738639,9,0.4706814281,0.0,2020-06-22T00:00:00,35,529387.04,500000.0,EmAnaliseDocumentacao,De 11 a 30 % - Baixo,0.8571428571428571,0.1428571428571428,0.0,,,2019-11-30T03:00:00,39572667.0,30303252.0,40212313.0,8446918.0,0.0,15892405.0,20741217.0,8796771.0,0.0,11.0,0.0,2018.0,De 0 a 5 anos,100000.0,False,False,1.0,38000.0,
3291,3364,Dr. Mandy Humphreys,Dr. Antony Holden,WRAA58548614983881,9,0.0,,2012-07-25T13:41:52,0,0.0,30000.0,EmAnaliseDocumentacao,De 0 a 10 % - Muito Baixo,1.0,0.0,0.0,,,,,,,,,,,,,,,,,,,,0.0,,
3305,3378,Dr. Rita Robinson,Elaine Hawkins,OKRW24435138073897,79,0.4123809234,0.0,2006-01-23T00:00:00,51,788908.66,2000000.0,EmAnaliseDocumentacao,De 0 a 10 % - Muito Baixo,1.0,0.0,0.0,,,,,,,,,,,,,,,,,,,,0.9999818961,,
3327,3400,Dr. Derek Griffiths,Hilary Davis,OLGI45589194660211,4,0.5492659285,0.0,2017-01-12T00:00:00,8,33660.0,100000.0,EmAnaliseDocumentacao,De 0 a 10 % - Muito Baixo,1.0,0.0,0.0,,,,,,,,,,,,,,,,,,,,1.0,,
3362,3435,Denis Kelly,Maureen Sullivan,GEZM79916030451328,4,0.3030825028,0.0,2013-12-12T00:00:00,0,0.0,30000.0,EmAnaliseDocumentacao,De 0 a 10 % - Muito Baixo,1.0,0.0,0.0,,,,,,,,,,,,,,,,,,,,1.0,,
3392,3465,Gregory Smith-Carter,Miss Charlotte Clark,LWJH30689749886218,23,0.3308452671,0.0,2017-08-07T00:00:00,0,0.0,30000.0,EmAnaliseDocumentacao,De 0 a 10 % - Muito Baixo,1.0,0.0,0.0,,,,,,,,,,,,,,,,,,,,1.0,,
3411,3484,Kimberley Roberts,Amanda Stone,KHQP11157333328779,2,0.4658109107,0.0,2016-01-15T00:00:00,196,37800.0,30000.0,EmAnaliseDocumentacao,De 0 a 10 % - Muito Baixo,1.0,0.0,0.0,,,,,,,,,,,,,,,,,,,,1.0,,
3415,3488,Henry Rice,Mr. David Kemp,YPUV96050220644281,3,0.3106834733,0.0,2016-04-11T00:00:00,35,46394.4,70000.0,EmAnaliseDocumentacao,De 0 a 10 % - Muito Baixo,1.0,0.0,0.0,,,,,,,,,,,,,,,,,,,,1.0,,
3425,3498,Keith Jones,Steven Kennedy-Jones,BRJP37453437154592,11,0.4240991321,0.0,2011-08-10T00:00:00,31,559679.98,680000.0,EmAnaliseDocumentacao,De 0 a 10 % - Muito Baixo,1.0,0.0,0.0,,,,,,,,,,,,,,,,,,,,0.9947858507,,
3451,3524,Ms. Marion Parsons,Dr. Adrian Gilbert,YKMA43405696220284,18,0.448130494,0.0,2019-09-26T00:00:00,21,2192.0,20000.0,EmAnaliseDocumentacao,De 0 a 10 % - Muito Baixo,1.0,0.0,0.0,,,,,,,,,,,,,,,,,,,,1.0,,
3547,3620,Simon Peacock,Sally Young,NRUC91959983742030,9,0.5365127399,0.0,2010-09-17T00:00:00,9,12018.83,200000.0,EmAnaliseDocumentacao,De 0 a 10 % - Muito Baixo,1.0,0.0,0.0,,,,,,,,,,,,,,,,,,,,1.0,,
3615,3688,Dr. Danny Dawson,Billy Davies-Shaw,NHQT10630036765079,4,0.0,,2017-01-16T11:29:03,0,0.0,368000.0,EmAnaliseDocumentacao,De 0 a 10 % - Muito Baixo,1.0,0.0,0.0,,,,,,,,,,,,,,,,,,,,0.0,,
3640,3713,Matthew Hughes,Rachel Hussain-Brady,EGPX74969793499965,3,0.2435228153,0.0,2020-08-04T00:00:00,26,38187.99,100.0,EmAnaliseDocumentacao,De 0 a 10 % - Muito Baixo,1.0,0.0,0.0,,,,,,,,,,,,,,,,,,,,1.0,,
3686,3759,Nicole Fry,Lewis Harris,PVQV57475295829119,52,0.0,,2006-05-01T13:18:05,0,0.0,372000.0,EmAnaliseDocumentacao,De 0 a 10 % - Muito Baixo,1.0,0.0,0.0,,,,,,,,,,,,,,,,,,,,0.0,,
3687,3760,Nicole Fry,Lewis Harris,PVQV57475295829119,52,0.0,,2006-05-01T13:18:05,0,0.0,372000.0,EmAnaliseDocumentacao,De 0 a 10 % - Muito Baixo,1.0,0.0,0.0,,,,,,,,,,,,,,,,,,,,0.0,,
3728,3801,Dr. Jenna Bell,Holly Collins,PBPI14140757168975,142,0.6927698645,0.0,2014-02-05T00:00:00,0,0.0,500000.0,EmAnaliseDocumentacao,De 0 a 10 % - Muito Baixo,1.0,0.0,0.0,,,,,,,,,,,,,,,,,,,,0.4727304787,,
3735,3808,Jack Norris-James,Brian Benson-Brown,EQHY62128162767172,87,0.0,,2017-01-19T11:11:37,0,0.0,51000.0,EmAnaliseDocumentacao,De 0 a 10 % - Muito Baixo,1.0,0.0,0.0,,,,,,,,,,,,,,,,,,,,0.0,,
3751,3824,Lorraine Marshall,Lynda McCarthy,NHQC57848882606821,0,0.0,,2020-04-01T10:52:57,0,0.0,120000.0,EmAnaliseDocumentacao,De 0 a 10 % - Muito Baixo,1.0,0.0,0.0,,,,,,,,,,,,,,,,,,,,0.0,,
3756,3829,Jack Norris-James,Brian Benson-Brown,EQHY62128162767172,87,0.0,,2017-01-19T11:11:37,0,0.0,48000.0,EmAnaliseDocumentacao,De 0 a 10 % - Muito Baixo,1.0,0.0,0.0,,,,,,,,,,,,,,,,,,,,0.0,,
3770,3843,Matthew Jones-Harrison,Albert Crawford,BVGM48853278977443,234,0.3700948127,0.0,2006-02-23T00:00:00,95,564565.41,1100000.0,EmAnaliseDocumentacao,De 0 a 10 % - Muito Baixo,1.0,0.0,0.0,,,,,,,,,,,,,,,,,,,,1.0,,
3788,3861,Ms. Bethan Evans,Mr. Josh Sharp,FWPY81952620804455,20,0.2727318402,0.0,2017-01-27T00:00:00,0,0.0,25000.0,EmAnaliseDocumentacao,De 0 a 10 % - Muito Baixo,1.0,0.0,0.0,,,,,,,,,,,,,,,,,,,,1.0,,
3825,3898,Mr. Danny Bradley,Mrs. Beverley Khan,DQHR28993190990331,3,0.4436771274,0.0,2018-09-28T00:00:00,507,154941.09,500000.0,EmAnaliseDocumentacao,De 0 a 10 % - Muito Baixo,0.9107142857142856,0.0892857142857142,0.866025403784439,,,2019-12-31T03:00:00,229575176.0,170367087.0,287899457.0,111362263.0,4604011.0,68446542.0,113438883.0,896648067.0,288100210.0,12.0,608547857.0,2002.0,Acima de 17 anos,78600000.0,False,False,1.0,41014511.0,
3830,3903,Alan Martin,Andrew Thompson,XQLQ24438932225038,3,0.0,,2017-10-30T14:02:21,0,0.0,49500.0,EmAnaliseDocumentacao,De 0 a 10 % - Muito Baixo,1.0,0.0,0.0,,,,,,,,,,,,,,,,,,,,0.0,,
3838,3911,Charlene Adams,Kimberley Robertson-O'Connor,LZBY18333425118043,98,0.3406410749,0.0,2013-06-18T00:00:00,17,21648.72,35000.0,EmAnaliseDocumentacao,De 0 a 10 % - Muito Baixo,1.0,0.0,0.0,,,,,,,,,,,,,,,,,,,,1.0,,
3859,3932,Mr. Kyle Morgan,Mr. Kenneth Woodward,YKAN20110292045834,4,0.3794353822,0.0,2015-10-15T00:00:00,0,0.0,400000.0,EmAnaliseDocumentacao,De 0 a 10 % - Muito Baixo,1.0,0.0,0.0,,,,,,,,,,,,,,,,,,,,1.0,,
3925,3998,Antony Lowe,Dr. John Reynolds,KIRK61564864012053,27,0.5352900394,0.0,2013-01-11T00:00:00,0,16480.0,45000.0,EmAnaliseDocumentacao,De 0 a 10 % - Muito Baixo,1.0,0.0,0.0,,,,,,,,,,,,,,,,,,,,0.8861869891,,
3972,4045,Mr. Gareth Smith,Leslie Horton,VMLE45852613367666,13,0.5430809805,0.0,2011-03-24T00:00:00,28,18605.3,127000.0,EmAnaliseDocumentacao,De 0 a 10 % - Muito Baixo,1.0,0.0,0.0,,,,,,,,,,,,,,,,,,,,1.0,,
3973,4046,Mr. Gareth Smith,Leslie Horton,VMLE45852613367666,13,0.5430809805,0.0,2011-03-24T00:00:00,28,18605.3,127000.0,EmAnaliseDocumentacao,De 0 a 10 % - Muito Baixo,1.0,0.0,0.0,,,,,,,,,,,,,,,,,,,,1.0,,
3980,4053,Andrea Donnelly,Liam Harper,YUOY26007213593673,6,0.0,,2019-07-03T15:15:39,0,0.0,30000.0,EmAnaliseDocumentacao,De 0 a 10 % - Muito Baixo,1.0,0.0,0.0,,,,,,,,,,,,,,,,,,,,0.0,,
3994,4067,Ronald Stewart-Cooper,Dr. Dennis Bartlett,XMMB05755571458379,3,0.0,,2020-07-29T11:02:11,0,0.0,100000.0,EmAnaliseDocumentacao,De 0 a 10 % - Muito Baixo,1.0,0.0,0.0,,,,,,,,,,,,,,,,,,,,0.0,,
3997,4070,Mr. Dylan Gray,Bethany Byrne,MROJ59070955329766,22,0.0,,2013-03-07T10:30:16,0,0.0,75000.0,EmAnaliseDocumentacao,De 0 a 10 % - Muito Baixo,1.0,0.0,0.0,,,,,,,,,,,,,,,,,,,,0.0,,
4015,4088,Dr. Catherine Marshall,Beth Jackson,KJLZ02519864515986,4,0.5277353397,0.0,2017-09-29T00:00:00,0,0.0,60000.0,EmAnaliseDocumentacao,De 0 a 10 % - Muito Baixo,1.0,0.0,0.0,,,,,,,,,,,,,,,,,,,,0.8841378987,,
4033,4106,Aaron Andrews,Bradley Allen,TNFG90262218919139,0,0.0,0.0,,0,0.0,49000.0,EmAnaliseDocumentacao,De 0 a 10 % - Muito Baixo,1.0,0.0,0.0,,,,,,,,,,,,,,,,,,,,0.0,,
4040,4113,Hazel Turner-Noble,Paula Potts-Quinn,RGDN51710119824740,3,0.4024820107,0.0,2020-05-15T00:00:00,0,2794.4,30000.0,EmAnaliseDocumentacao,De 11 a 30 % - Baixo,0.75,0.25,0.0,,,,,,,,,,,1623285.0,0.0,6.0,0.0,2019.0,De 0 a 5 anos,100000.0,False,False,1.0,1487.0,
4062,4135,Andrew Kaur,Elliott Pugh-Williams,YEVW11606599566192,7,0.0969901589,0.0,2013-11-27T00:00:00,21,31500.0,100000.0,EmAnaliseDocumentacao,De 0 a 10 % - Muito Baixo,1.0,0.0,0.0,,,,,,,,,,,,,,,,,,,,1.0,,
4070,4143,Miss Louise Evans,Dale Scott,KGBY45041252394286,3,0.521527343,0.0,2018-03-28T00:00:00,39,205163.37,200000.0,EmAnaliseDocumentacao,De 0 a 10 % - Muito Baixo,1.0,0.0,0.0,,,,,,,,,,,,,,,,,,,,1.0,,
4107,4180,Dr. Stanley Smith,Dylan Robinson-Nolan,OPBS54742125672882,3,0.4602844489,0.0,2018-07-24T00:00:00,0,0.0,47000.0,EmAnaliseDocumentacao,De 0 a 10 % - Muito Baixo,1.0,0.0,0.0,,,,,,,,,,,,,,,,,,,,1.0,,
4119,4192,Mr. Eric Collins,Oliver Ali,GMBX11542848890341,23,0.4693508774,0.0,2006-03-16T00:00:00,116,214793.66,180000.0,EmAnaliseDocumentacao,De 0 a 10 % - Muito Baixo,1.0,0.0,0.0,,,,,,,,,,,,,,,,,,,,1.0,,
4143,4216,Dr. Danny Dawson,Billy Davies-Shaw,NHQT10630036765079,4,0.0,,2017-01-16T11:29:03,0,0.0,400000.0,EmAnaliseDocumentacao,De 0 a 10 % - Muito Baixo,1.0,0.0,0.0,,,,,,,,,,,,,,,,,,,,0.0,,
4266,4339,Malcolm Bolton,Janet Owen,EWWP39022791129732,42,0.0,,2018-08-28T10:48:01,0,0.0,698000.0,EmAnaliseDocumentacao,De 0 a 10 % - Muito Baixo,1.0,0.0,0.0,,,,,,,,,,,,,,,,,,,,0.0,,
4278,4351,Kim Francis,Kevin Abbott,YGXS08745628415989,5,0.3364161036,0.0,2017-12-29T00:00:00,0,0.0,15000.0,EmAnaliseDocumentacao,De 0 a 10 % - Muito Baixo,1.0,0.0,0.0,,,,,,,,,,,,,,,,,,,,1.0,,
4281,4354,Hollie Butler,Dr. Denis Lee,XVRO69677403637207,0,0.2574851284,0.0,2019-06-13T00:00:00,0,0.0,100000.0,EmAnaliseDocumentacao,De 0 a 10 % - Muito Baixo,1.0,0.0,0.0,,,,,,,,,,,,,,,,,,,,1.0,,
4304,4377,Sarah Hopkins,Mr. Conor Jones,AZFO81709966547489,57,0.3158088191,0.0,2019-06-27T00:00:00,0,0.0,100000.0,EmAnaliseDocumentacao,De 51 a 80 % - Alto,0.4821428571428571,0.5178571428571428,0.866025403784439,,,0219-12-31T03:06:00,0.0,0.0,0.0,0.0,0.0,0.0,0.0,925011533.0,0.0,12.0,0.0,2018.0,De 0 a 5 anos,0.0,True,False,1.0,0.0,
4345,4418,Teresa Wilkinson,Nicola Blackburn-Lawson,KAJL26125113293319,0,0.481878406,0.0,2018-10-18T00:00:00,29,2832.0,30000.0,EmAnaliseDocumentacao,De 0 a 10 % - Muito Baixo,1.0,0.0,0.0,,,,,,,,,,,,,,,,,,,,1.0,,
4447,4520,Janet Barnes,Clifford Allan,XSME54122165353551,30,0.316048996,0.0,2019-10-28T00:00:00,32,8300.0,150000.0,EmAnaliseDocumentacao,De 31 a 50 % - Médio,0.5178571428571428,0.4821428571428571,0.0,,,2019-12-31T03:00:00,3316100.0,1845792.0,3360028.0,1148381.0,49500.0,2415975.0,306079.0,11753319.0,4543390.0,12.0,7209929.0,2017.0,De 0 a 5 anos,100000.0,False,True,1.0,19749.0,
4493,4566,Dr. Joanna Howarth,Jenna Jennings,GWJZ33040242982196,0,0.3025016293,0.0,2019-10-30T00:00:00,0,0.0,20000.0,EmAnaliseDocumentacao,De 0 a 10 % - Muito Baixo,1.0,0.0,0.0,,,,,,,,,,,,,,,,,,,,1.0,,
4521,4594,George Hancock-Flynn,Maria Warren,TQSS51432668230116,3,0.3900405755,0.0,2017-10-11T00:00:00,0,0.0,170000.0,EmAnaliseDocumentacao,De 0 a 10 % - Muito Baixo,1.0,0.0,0.0,,,,,,,,,,,,,,,,,,,,0.992340888,,
4551,4624,Tracey Jones,Miss Jodie Gordon,DSDP42915296213541,25,0.3576923077,0.0,2010-04-12T00:00:00,48,183947.84,500000.0,EmAnaliseDocumentacao,De 0 a 10 % - Muito Baixo,1.0,0.0,0.0,,,,,,,,,,,,,,,,,,,,0.9895970252,,
4564,4637,Debra Lewis,Sarah Williams,TLYD26139291600948,20,0.2518560576,0.0,2018-05-03T00:00:00,0,0.0,25000.0,EmAnaliseDocumentacao,De 0 a 10 % - Muito Baixo,1.0,0.0,0.0,,,,,,,,,,,,,,,,,,,,0.8227763508,,
4576,4649,Ricky Kelly,Anne Welch-Campbell,OPNI24346853582080,5,0.0,,2019-01-29T14:11:28,0,0.0,800000.0,EmAnaliseDocumentacao,De 0 a 10 % - Muito Baixo,1.0,0.0,0.0,,,,,,,,,,,,,,,,,,,,0.0,,
4580,4653,Vincent Gardner,Janet Watson,EBFA23505992674539,0,0.0,,2008-07-30T10:53:22,0,0.0,30000.0,EmAnaliseDocumentacao,De 0 a 10 % - Muito Baixo,1.0,0.0,0.0,,,,,,,,,,,,,,,,,,,,0.0,,
4658,4731,James Marsden,Leon Smith,LWCH45461699781465,0,0.0,,2020-09-10T16:46:23,0,0.0,10000.0,EmAnaliseDocumentacao,De 0 a 10 % - Muito Baixo,1.0,0.0,0.0,,,,,,,,,,,,,,,,,,,,0.0,,
4692,4765,Mr. Cameron Evans,Judith Fowler,ASYQ56754435258650,29,0.6599290191,0.0,2020-07-06T00:00:00,0,0.0,100000.0,EmAnaliseDocumentacao,De 0 a 10 % - Muito Baixo,1.0,0.0,0.0,,,,,,,,,,,,,,,,,,,,1.0,,
4770,4843,Joseph Bell,Leon Smith,BAAM35942968217300,5,0.6075732943,0.0,2018-06-06T00:00:00,0,0.0,20000.0,EmAnaliseDocumentacao,De 0 a 10 % - Muito Baixo,1.0,0.0,0.0,,,,,,,,,,,,,,,,,,,,1.0,,
4772,4845,Jayne McLean,Leon Smith,GIKH89317099661757,0,0.0,,2020-09-10T16:45:02,0,0.0,20000.0,EmAnaliseDocumentacao,De 0 a 10 % - Muito Baixo,1.0,0.0,0.0,,,,,,,,,,,,,,,,,,,,0.0,,
4774,4847,James Marsden,Leon Smith,HBIC51012064024718,0,0.0,,2020-09-10T16:45:50,0,0.0,20000.0,EmAnaliseDocumentacao,De 0 a 10 % - Muito Baixo,1.0,0.0,0.0,,,,,,,,,,,,,,,,,,,,0.0,,
4775,4848,James Marsden,Leon Smith,LWCH45461699781465,0,0.0,,2020-09-10T16:46:23,0,0.0,20000.0,EmAnaliseDocumentacao,De 0 a 10 % - Muito Baixo,1.0,0.0,0.0,,,,,,,,,,,,,,,,,,,,0.0,,
4808,4881,Matthew Knight,Dr. Eric Ashton,ISYH35619018531604,3,0.5489295201,0.0,2016-07-06T00:00:00,0,0.0,15000.0,EmAnaliseDocumentacao,De 0 a 10 % - Muito Baixo,1.0,0.0,0.0,,,,,,,,,,,,,,,,,,,,1.0,,
4820,4893,Ruth Ward-McCarthy,Dr. Julia Mann,ILVT57091633734406,19,0.627481068,0.0,2020-07-17T00:00:00,0,102962.08,250000.0,EmAnaliseDocumentacao,De 0 a 10 % - Muito Baixo,1.0,0.0,0.0,,,,,,,,,,,,,,,,,,,,1.0,,
4836,4909,Gavin White,Dr. Lynne Taylor,DNXK39821229844746,206,0.0,,2007-01-23T16:19:35,0,0.0,20000.0,EmAnaliseDocumentacao,De 0 a 10 % - Muito Baixo,1.0,0.0,0.0,,,,,,,,,,,,,,,,,,,,0.0,,
4861,4934,Diane Jones-Patel,Jodie White,OJHA52488980502544,18,0.5230782572,0.0,2012-01-26T00:00:00,0,0.0,20000.0,EmAnaliseDocumentacao,De 0 a 10 % - Muito Baixo,1.0,0.0,0.0,,,,,,,,,,,,,,,,,,,,0.8515171372,,
4884,4957,Dr. Rita Davies,Sheila Webb,AAWG49188894081780,18,0.4448676845,0.0,2019-07-30T00:00:00,0,0.0,10000.0,EmAnaliseDocumentacao,De 0 a 10 % - Muito Baixo,1.0,0.0,0.0,,,,,,,,,,,,,,,,,,,,1.0,,
4901,4974,Brian Fisher,Dr. Marian Horton,WUAH93509549035612,4,0.0,,2017-04-07T17:35:29,0,0.0,900000.0,EmAnaliseDocumentacao,De 0 a 10 % - Muito Baixo,1.0,0.0,0.0,,,,,,,,,,,,,,,,,,,,0.0,,
4910,4983,Amber Evans,Jennifer Little-Allan,HHDV87070786136116,8,0.5741542772,0.0,2016-04-15T00:00:00,3,40293.08,2500000.0,EmAnaliseDocumentacao,De 31 a 50 % - Médio,0.6428571428571428,0.3571428571428571,0.876721752370822,,,2019-12-31T03:00:00,52193824.0,54522992.0,56131518.0,1000000.0,608525.0,22968974.0,18059756.0,199951733.0,118469350.0,12.0,81482383.0,2015.0,De 0 a 5 anos,1000000.0,False,True,0.9967354229,12342768.0,
4955,5028,Mr. Justin Williams,Deborah Scott,HBPA62929133517474,0,0.5438025018,0.0,2019-10-15T00:00:00,0,0.0,40000.0,EmAnaliseDocumentacao,De 0 a 10 % - Muito Baixo,1.0,0.0,0.0,,,,,,,,,,,,,,,,,,,,1.0,,
4974,5047,Kate Taylor,Georgina Craig,GHDK04944604423841,9,0.4165665567,0.0,2018-01-29T00:00:00,0,0.0,250000.0,EmAnaliseDocumentacao,De 31 a 50 % - Médio,0.5357142857142857,0.4642857142857142,0.0,,,2019-12-31T03:00:00,1493451.0,518965.0,1945825.0,1426860.0,270000.0,850270.0,516485.0,3557537.0,1184007.0,12.0,2373530.0,2016.0,De 0 a 5 anos,200000.0,False,True,1.0,442074.0,
4980,5053,Jack Norris-James,Brian Benson-Brown,EQHY62128162767172,87,0.0,,2017-01-19T11:11:37,0,0.0,75000.0,EmAnaliseDocumentacao,De 0 a 10 % - Muito Baixo,1.0,0.0,0.0,,,,,,,,,,,,,,,,,,,,0.0,,
4993,5066,Mr. Damian James,Dawn Phillips,MIGR17953197952198,3,0.0,,2017-10-25T13:59:18,0,0.0,650000.0,EmAnaliseDocumentacao,De 11 a 30 % - Baixo,0.75,0.25,0.866025403784439,,,2019-12-31T03:00:00,1117453.0,1103291.0,3371297.0,108325.0,2159680.0,442397.0,81336.0,12865803.0,4356264.0,6.0,8509539.0,2017.0,De 0 a 5 anos,100000.0,False,False,0.0,83200.0,
5016,5089,Mrs. Diana Scott,Oliver Robinson,DUAQ90588039110983,3,0.4818380404,0.0,2013-01-04T00:00:00,187,22692.0,30000.0,EmAnaliseDocumentacao,De 0 a 10 % - Muito Baixo,1.0,0.0,0.0,,,,,,,,,,,,,,,,,,,,1.0,,
5040,5113,Amelia Thomas,Eleanor Wilson,OYJB24693224986182,41,0.341106362,0.0,2012-05-09T00:00:00,0,2760.0,25000.0,EmAnaliseDocumentacao,De 31 a 50 % - Médio,0.6071428571428571,0.3928571428571428,0.718537400918295,,,2019-12-31T00:00:00,20396883.0,17699263.0,47995012.0,-19514982.0,2217742.0,9550405.0,6450155.0,43509979.0,18213246.0,12.0,25296733.0,1990.0,Acima de 17 anos,600000.0,False,False,0.9700428259,320400.0,
5070,5143,Dr. Lee Graham,Ann Jackson,HYUS92892218428439,4,0.5919934649,0.0,2017-07-14T00:00:00,0,0.0,80000.0,EmAnaliseDocumentacao,De 0 a 10 % - Muito Baixo,1.0,0.0,0.0,,,,,,,,,,,,,,,,,,,,1.0,,
5104,5177,Samuel Hall,Bryan Evans,LMUD99155275729553,0,0.5448081389,0.0,2020-06-09T00:00:00,0,0.0,20000.0,EmAnaliseDocumentacao,De 0 a 10 % - Muito Baixo,1.0,0.0,0.0,,,,,,,,,,,,,,,,,,,,1.0,,
5128,5201,Sharon Brown,Natalie Edwards,EPSF30155142666657,12,0.4564933614,0.0,2017-04-28T00:00:00,31,1425.0,5000.0,EmAnaliseDocumentacao,De 0 a 10 % - Muito Baixo,1.0,0.0,0.0,,,,,,,,,,,,,,,,,,,,1.0,,
5147,5220,Mr. Danny Bradley,Mrs. Beverley Khan,DQHR28993190990331,3,0.4436771274,0.0,2018-09-28T00:00:00,507,154941.09,10000.0,EmAnaliseDocumentacao,De 0 a 10 % - Muito Baixo,1.0,0.0,0.0,,,,,,,,,,,,,,,,,,,,1.0,,
5153,5226,Katie Lawson,Patricia Reynolds,SVXA16230297135119,7,0.0,,2012-02-24T16:01:26,0,0.0,1000000.0,EmAnaliseDocumentacao,De 11 a 30 % - Baixo,0.75,0.25,0.509151573201535,,,2020-06-30T03:00:00,2768574.0,676933.0,4200754.0,3270301.0,552500.0,1475651.0,786836.0,8768227.0,2501717.0,6.0,6266510.0,2011.0,De 6 a 10 anos,20000.0,False,False,0.0,47360.0,
5155,5228,Dr. Deborah Grant,Ms. Zoe Ryan,UFIW88014780873641,8,0.0408820571,0.0,2017-07-28T00:00:00,0,0.0,30000.0,EmAnaliseDocumentacao,De 0 a 10 % - Muito Baixo,1.0,0.0,0.0,,,,,,,,,,,,,,,,,,,,0.9615758397,,
5172,5245,Lynne Moore,Mr. Elliot Henry,JHFT04399225850712,24,0.2646673902,0.0,2017-01-16T00:00:00,0,0.0,304000.0,EmAnaliseDocumentacao,De 11 a 30 % - Baixo,0.7678571428571428,0.2321428571428571,-0.866025403784438,,,2020-03-31T03:00:00,2312636.0,680014.0,2335181.0,991092.0,95000.0,1206040.0,489034.0,1725495.0,0.0,3.0,0.0,2015.0,De 0 a 5 anos,600000.0,False,False,0.9346440968,720.0,
5180,5253,Miss Lynn Evans,Jonathan Fletcher,WCOO57409536225250,0,0.680232443,0.0,2019-02-21T00:00:00,27,38392.2,200000.0,EmAnaliseDocumentacao,De 0 a 10 % - Muito Baixo,1.0,0.0,0.0,,,,,,,,,,,,,,,,,,,,1.0,,
5189,5262,Dr. Derek Griffiths,Hilary Davis,OLGI45589194660211,4,0.5492659285,0.0,2017-01-12T00:00:00,8,33660.0,304000.0,EmAnaliseDocumentacao,De 0 a 10 % - Muito Baixo,1.0,0.0,0.0,,,,,,,,,,,,,,,,,,,,1.0,,
5191,5264,Dr. Derek Griffiths,Hilary Davis,OLGI45589194660211,4,0.5492659285,0.0,2017-01-12T00:00:00,8,33660.0,304000.0,EmAnaliseDocumentacao,De 0 a 10 % - Muito Baixo,1.0,0.0,0.0,,,,,,,,,,,,,,,,,,,,1.0,,
5218,5291,Dr. Leon Patel,Elaine Harding,SHWF01743290698471,11,0.6214221658,0.0,2020-03-25T00:00:00,214,9320.0,30000.0,EmAnaliseDocumentacao,De 0 a 10 % - Muito Baixo,1.0,0.0,0.0,,,,,,,,,,,,,,,,,,,,1.0,,
5238,5311,Dr. Susan Hutchinson,Neil Dale,CHLM54763649835415,7,0.5012921889,0.0,2019-02-20T00:00:00,13,2456.0,7000.0,EmAnaliseDocumentacao,De 0 a 10 % - Muito Baixo,1.0,0.0,0.0,,,,,,,,,,,,,,,,,,,,1.0,,
5256,5329,David Moore,Mrs. Margaret Nelson,NIRS22286668315637,0,0.227029661,0.0,2020-02-14T00:00:00,163,14760.2,60000.0,EmAnaliseDocumentacao,De 0 a 10 % - Muito Baixo,1.0,0.0,0.0,,,,,,,,,,,,,,,,,,,,1.0,,
5276,5349,Olivia Russell-Reeves,Ricky Gibbons,YKIF88389489912785,2,0.5342966748,0.0,2020-11-18T00:00:00,0,51954.0,10000.0,EmAnaliseDocumentacao,De 11 a 30 % - Baixo,0.7321428571428571,0.2678571428571428,0.0,,,,,,,,,,,1265691.0,0.0,6.0,0.0,2020.0,De 0 a 5 anos,5000.0,False,False,1.0,1980.0,
5330,5403,William Simmons-Matthews,Dr. Marian Smith,UVYL53105358785066,20,0.5167641478,0.0,2010-06-22T00:00:00,12,14578.2,75000.0,EmAnaliseDocumentacao,De 0 a 10 % - Muito Baixo,1.0,0.0,0.0,,,,,,,,,,,,,,,,,,,,0.7515371717,,
5363,5436,Ms. Sara Hughes,Holly Jones,LNDJ61338518609490,4,0.5000152505,0.0,2015-11-13T00:00:00,0,0.0,80000.0,EmAnaliseDocumentacao,De 0 a 10 % - Muito Baixo,1.0,0.0,0.0,,,,,,,,,,,,,,,,,,,,1.0,,
5368,5441,Amelia Brooks,Iain Smith-Gardiner,PTMY42668890163532,3,0.1226660395,0.0,2016-02-12T00:00:00,0,0.0,100000.0,EmAnaliseDocumentacao,De 0 a 10 % - Muito Baixo,1.0,0.0,0.0,,,,,,,,,,,,,,,,,,,,1.0,,
5380,5453,Mr. Frank Spencer,Diana Davis-Graham,VLQM91868304071192,9,0.403342933,0.0,2017-09-13T00:00:00,37,11039.68,80000.0,EmAnaliseDocumentacao,De 0 a 10 % - Muito Baixo,1.0,0.0,0.0,,,,,,,,,,,,,,,,,,,,1.0,,
5456,5529,Ross Gregory-Bennett,Stephen Kelly,YISC92418507027320,18,0.4387038232,0.0,2013-11-04T00:00:00,0,0.0,10000.0,EmAnaliseDocumentacao,De 0 a 10 % - Muito Baixo,1.0,0.0,0.0,,,,,,,,,,,,,,,,,,,,0.7372053906,,
5470,5543,Dr. Claire Robinson,Dr. Stewart Waters,JSQJ85113702745505,4,0.3732162181,0.0,2013-07-11T00:00:00,9,5666.66,100000.0,EmAnaliseDocumentacao,De 0 a 10 % - Muito Baixo,1.0,0.0,0.0,,,,,,,,,,,,,,,,,,,,1.0,,
5486,5559,Katie Lawson,Patricia Reynolds,SVXA16230297135119,7,0.0,,2012-02-24T16:01:26,0,0.0,950000.0,EmAnaliseDocumentacao,De 0 a 10 % - Muito Baixo,1.0,0.0,0.0,,,,,,,,,,,,,,,,,,,,0.0,,
5517,5590,Ms. Katie Donnelly,June Sullivan,PVKK69458696080679,0,0.0,0.0,,0,0.0,20000.0,EmAnaliseDocumentacao,De 0 a 10 % - Muito Baixo,1.0,0.0,0.0,,,,,,,,,,,,,,,,,,,,0.0,,
5588,5661,Leigh Taylor,Mrs. Janet Higgins,TENN67023289154724,6,0.4862709731,0.0,2017-07-11T00:00:00,30,12150.36,100000.0,EmAnaliseDocumentacao,De 51 a 80 % - Alto,0.4821428571428571,0.5178571428571428,0.0,,,2018-12-31T02:00:00,0.0,0.0,0.0,0.0,0.0,0.0,0.0,1095003.0,0.0,12.0,0.0,2017.0,De 0 a 5 anos,20000.0,False,True,1.0,6660.0,
5617,5690,Jacob Stevens,Dr. Sally Armstrong,BCZF53441107186270,3,0.3931472245,0.0,2019-02-19T00:00:00,0,0.0,49000.0,EmAnaliseDocumentacao,De 0 a 10 % - Muito Baixo,1.0,0.0,0.0,,,,,,,,,,,,,,,,,,,,1.0,,
5663,5736,Graham Willis,Joel Pearson,BHYD38054596349024,6,0.439507916,0.0,2016-11-30T00:00:00,21,766932.13,1200000.0,EmAnaliseDocumentacao,De 0 a 10 % - Muito Baixo,1.0,0.0,0.0,,,,,,,,,,,,,,,,,,,,0.995446065,,
5675,5748,Natasha Carroll,Ben Russell,RBBY73052190343634,6,0.2602688844,0.0,2015-01-27T00:00:00,162,47300.0,100000.0,EmAnaliseDocumentacao,De 0 a 10 % - Muito Baixo,1.0,0.0,0.0,,,,,,,,,,,,,,,,,,,,1.0,,
5718,5791,Colin Willis,Toby Coleman,YWAW74961277035994,4,0.0,,2017-09-29T17:29:46,0,0.0,600000.0,EmAnaliseDocumentacao,De 0 a 10 % - Muito Baixo,1.0,0.0,0.0,,,,,,,,,,,,,,,,,,,,0.0,,
5769,5842,Janet Cooper-Smith,Fiona Noble,JLOI58063075571788,168,0.4298119122,0.0,2007-01-11T00:00:00,74,23868.8,50000.0,EmAnaliseDocumentacao,De 0 a 10 % - Muito Baixo,1.0,0.0,0.0,,,,,,,,,,,,,,,,,,,,0.8324439607,,
5827,5900,Andrea Fitzgerald,Ellie Curtis-Lewis,PWMC43704814269350,238,0.7684077223,0.0,2016-08-24T00:00:00,0,0.0,100000.0,EmAnaliseDocumentacao,De 0 a 10 % - Muito Baixo,1.0,0.0,0.0,,,,,,,,,,,,,,,,,,,,1.0,,
5853,5926,Mr. Samuel Brown,Peter Smith-Taylor,QSYB60204280804437,0,0.0,,2019-09-27T11:00:25,0,0.0,50000.0,EmAnaliseDocumentacao,De 0 a 10 % - Muito Baixo,0.8928571428571428,0.1071428571428571,0.0,,,,,,,,,,,22980715.0,0.0,3.0,0.0,1989.0,Acima de 17 anos,710000.0,False,False,0.0,9900000.0,
5871,5944,Simon Peacock,Sally Young,NRUC91959983742030,9,0.5365127399,0.0,2010-09-17T00:00:00,9,12018.83,180000.0,EmAnaliseDocumentacao,De 0 a 10 % - Muito Baixo,1.0,0.0,0.0,,,,,,,,,,,,,,,,,,,,1.0,,
5944,6017,Dr. Benjamin Bates,Mr. Lewis Smith,TALD85089446414833,0,0.3193491645,0.0,2015-04-17T00:00:00,0,0.0,40000.0,EmAnaliseDocumentacao,De 0 a 10 % - Muito Baixo,1.0,0.0,0.0,,,,,,,,,,,,,,,,,,,,1.0,,
5945,6018,Dr. Benjamin Bates,Mr. Lewis Smith,TALD85089446414833,0,0.3193491645,0.0,2015-04-17T00:00:00,0,0.0,40000.0,EmAnaliseDocumentacao,De 0 a 10 % - Muito Baixo,1.0,0.0,0.0,,,,,,,,,,,,,,,,,,,,1.0,,
5955,6028,Lydia Ford,Martyn Lloyd,VJBN45403706069972,21,0.6434266637,0.0,2011-01-11T00:00:00,0,0.0,40000.0,EmAnaliseDocumentacao,De 0 a 10 % - Muito Baixo,1.0,0.0,0.0,,,,,,,,,,,,,,,,,,,,0.899285089,,
6012,6085,Christine Hudson,Heather Gill,HNRN42050651447100,3,0.4187536687,0.0,2006-08-29T00:00:00,57,50160.0,170000.0,EmAnaliseDocumentacao,De 0 a 10 % - Muito Baixo,1.0,0.0,0.0,,,,,,,,,,,,,,,,,,,,1.0,,
6018,6091,Grace Morton-Blake,Bruce Harrison,XVFX90049646219876,23,0.0,,2012-12-28T11:31:43,0,0.0,80000.0,EmAnaliseDocumentacao,De 0 a 10 % - Muito Baixo,1.0,0.0,0.0,,,,,,,,,,,,,,,,,,,,0.0,,
6020,6093,Grace Morton-Blake,Bruce Harrison,XVFX90049646219876,23,0.0,,2012-12-28T11:31:43,0,0.0,80000.0,EmAnaliseDocumentacao,De 0 a 10 % - Muito Baixo,1.0,0.0,0.0,,,,,,,,,,,,,,,,,,,,0.0,,
6021,6094,Grace Morton-Blake,Bruce Harrison,XVFX90049646219876,23,0.0,,2012-12-28T11:31:43,0,0.0,80000.0,EmAnaliseDocumentacao,De 0 a 10 % - Muito Baixo,1.0,0.0,0.0,,,,,,,,,,,,,,,,,,,,0.0,,
6022,6095,Grace Morton-Blake,Bruce Harrison,XVFX90049646219876,23,0.0,,2012-12-28T11:31:43,0,0.0,80000.0,EmAnaliseDocumentacao,De 0 a 10 % - Muito Baixo,1.0,0.0,0.0,,,,,,,,,,,,,,,,,,,,0.0,,
6026,6099,Dr. Lucy Hutchinson,Sylvia Holloway,OQEY96212730604200,11,0.0,,2017-11-30T13:54:37,0,0.0,40000.0,EmAnaliseDocumentacao,De 11 a 30 % - Baixo,0.6964285714285714,0.3035714285714285,0.0,,,,,,,,,,,1522851.0,0.0,12.0,0.0,2016.0,De 0 a 5 anos,20000.0,False,False,0.0,3960.0,
6043,6116,Keith Jones,Steven Kennedy-Jones,BRJP37453437154592,11,0.4240991321,0.0,2011-08-10T00:00:00,31,559679.98,128700000.0,EmAnaliseDocumentacao,De 0 a 10 % - Muito Baixo,1.0,0.0,0.0,,,,,,,,,,,,,,,,,,,,0.9947858507,,
6087,6160,Colin Jones-Owen,Dr. Julia Mills,XQYN43672710776197,47,0.0,,2012-06-29T11:03:33,0,0.0,27000000.0,EmAnaliseDocumentacao,De 0 a 10 % - Muito Baixo,1.0,0.0,0.0,,,,,,,,,,,,,,,,,,,,0.0,,
6106,6179,Rebecca Davis,Charlene Read,VYPH83444822141778,4,0.5168407312,0.0,2013-01-31T00:00:00,0,0.0,50000.0,EmAnaliseDocumentacao,De 0 a 10 % - Muito Baixo,1.0,0.0,0.0,,,,,,,,,,,,,,,,,,,,1.0,,
6108,6181,Dominic Gardner-Power,Mr. Raymond Potts,KSOW42272877316783,7,0.5998675045,0.0,2018-10-23T00:00:00,0,0.0,40000.0,EmAnaliseDocumentacao,De 0 a 10 % - Muito Baixo,1.0,0.0,0.0,,,,,,,,,,,,,,,,,,,,1.0,,
6120,6193,Colin Jones-Owen,Dr. Julia Mills,XQYN43672710776197,47,0.0,,2012-06-29T11:03:33,0,0.0,2700000.0,EmAnaliseDocumentacao,De 0 a 10 % - Muito Baixo,1.0,0.0,0.0,,,,,,,,,,,,,,,,,,,,0.0,,
6131,6204,Rita Lloyd,Ms. Donna Smith,IVON93318505592962,4,0.0,,2014-03-31T10:28:02,0,0.0,300000.0,EmAnaliseDocumentacao,De 0 a 10 % - Muito Baixo,1.0,0.0,0.0,,,,,,,,,,,,,,,,,,,,0.0,,
6138,6211,Mr. Roger Smith,Ashley Thomas,UAPP21579316019174,0,0.0,,2020-10-22T10:40:48,0,0.0,40000.0,EmAnaliseDocumentacao,De 31 a 50 % - Médio,0.6785714285714285,0.3214285714285714,0.0,,,2019-12-31T00:00:00,0.0,0.0,0.0,0.0,0.0,0.0,0.0,3472193.0,0.0,11.0,0.0,2019.0,De 0 a 5 anos,1000000.0,False,True,0.0,418602.0,
6158,6231,Mr. John Kelly,Ashleigh Johnston,LIKP61342673128476,0,0.4640430812,0.0,2019-12-26T00:00:00,40,2766.67,20000.0,EmAnaliseDocumentacao,De 0 a 10 % - Muito Baixo,1.0,0.0,0.0,,,,,,,,,,,,,,,,,,,,1.0,,
6213,6286,Duncan Herbert,Shane Mann,CQVP16518428558221,96,0.4852968167,0.0,2006-06-27T00:00:00,58,1913477.53,2500000.0,EmAnaliseDocumentacao,De 11 a 30 % - Baixo,0.75,0.25,0.0,,,2019-12-31T03:00:00,25365445.0,18733226.0,26161492.0,1975302.0,0.0,15578752.0,9736838.0,96835508.0,38662962.0,12.0,58172546.0,1972.0,Acima de 17 anos,3000000.0,False,False,1.0,8732060.0,
6229,6302,Ricky Kelly,Anne Welch-Campbell,OPNI24346853582080,5,0.0,,2019-01-29T14:11:28,0,0.0,2500000.0,EmAnaliseDocumentacao,De 0 a 10 % - Muito Baixo,1.0,0.0,0.0,,,,,,,,,,,,,,,,,,,,0.0,,
6272,6345,Bryan White-Fox,Terry Carter,LLWH30252956271441,27,0.4918249141,0.0,2008-09-10T00:00:00,63,2836656.0,4000000.0,EmAnaliseDocumentacao,De 11 a 30 % - Baixo,0.75,0.25,0.854998630926226,,,2020-08-31T03:00:00,79683519.0,47631937.0,85424820.0,32074090.0,9189530.0,34153512.0,35340154.0,179041759.0,70856728.0,8.0,108185031.0,2005.0,De 11 a 16 anos,728407.0,False,False,0.9915047802,12834634.0,
6274,6347,Thomas Allen,Linda Cook,AMTY32020615312575,4,0.4348023596,0.0,2015-09-16T00:00:00,27,20838.54,100000.0,EmAnaliseDocumentacao,De 11 a 30 % - Baixo,0.8392857142857142,0.1607142857142857,0.0,,,2020-06-30T03:00:00,2437912.0,790495.0,2444687.0,1432244.0,0.0,262938.0,1009434.0,1968864.0,750174.0,6.0,1218690.0,2015.0,De 0 a 5 anos,40000.0,False,False,1.0,13690.0,
6276,6349,Wayne Jordan,Alexander Saunders,ZCUQ06778542593361,24,0.3944431124,0.0,2013-09-11T00:00:00,15,144651.38,450000.0,EmAnaliseDocumentacao,De 11 a 30 % - Baixo,0.7142857142857142,0.2857142857142857,-0.17518262148952,,,2020-07-31T03:00:00,34029789.0,6255978.0,34257887.0,24947617.0,148664.0,26159109.0,2483809.0,34212141.0,16309174.0,7.0,17902967.0,2006.0,De 11 a 16 anos,500000.0,False,False,0.8499423645,178000.0,
6278,6351,Bryan White-Fox,Terry Carter,LLWH30252956271441,27,0.4918249141,0.0,2008-09-10T00:00:00,63,2836656.0,4000000.0,EmAnaliseDocumentacao,De 11 a 30 % - Baixo,0.75,0.25,0.854998630926226,,,2020-08-31T03:00:00,79683519.0,47631937.0,85424820.0,32074090.0,9189530.0,34153512.0,35340154.0,179041759.0,70856728.0,8.0,108185031.0,2005.0,De 11 a 16 anos,728407.0,False,False,0.9915047802,12834634.0,
6280,6353,Toby Jackson,Abbie Jenkins,EPKW92701739707387,5,0.4438676667,0.0,2014-07-10T00:00:00,341,30000.0,50000.0,EmAnaliseDocumentacao,De 11 a 30 % - Baixo,0.8571428571428571,0.1428571428571428,0.0,,,2020-07-31T00:00:00,175980000.0,258515000.0,373500000.0,86461000.0,168856000.0,74267000.0,86539000.0,84754000.0,74129000.0,7.0,10625000.0,2000.0,Acima de 17 anos,0.0,False,False,1.0,0.0,
6282,6355,Wayne Jordan,Alexander Saunders,ZCUQ06778542593361,24,0.3944431124,0.0,2013-09-11T00:00:00,15,144651.38,450000.0,EmAnaliseDocumentacao,De 0 a 10 % - Muito Baixo,1.0,0.0,0.0,,,,,,,,,,,,,,,,,,,,0.8499423645,,
6283,6356,Bryan White-Fox,Terry Carter,LLWH30252956271441,27,0.4918249141,0.0,2008-09-10T00:00:00,63,2836656.0,4000000.0,EmAnaliseDocumentacao,De 0 a 10 % - Muito Baixo,1.0,0.0,0.0,,,,,,,,,,,,,,,,,,,,0.9915047802,,
6285,6358,Bryan White-Fox,Terry Carter,LLWH30252956271441,27,0.4918249141,0.0,2008-09-10T00:00:00,63,2836656.0,4000000.0,EmAnaliseDocumentacao,De 0 a 10 % - Muito Baixo,1.0,0.0,0.0,,,,,,,,,,,,,,,,,,,,0.9915047802,,
6286,6359,Bryan White-Fox,Terry Carter,LLWH30252956271441,27,0.4918249141,0.0,2008-09-10T00:00:00,63,2836656.0,4500000.0,EmAnaliseDocumentacao,De 0 a 10 % - Muito Baixo,1.0,0.0,0.0,,,,,,,,,,,,,,,,,,,,0.9915047802,,
6288,6361,Bryan White-Fox,Terry Carter,LLWH30252956271441,27,0.4918249141,0.0,2008-09-10T00:00:00,63,2836656.0,4500000.0,EmAnaliseDocumentacao,De 0 a 10 % - Muito Baixo,1.0,0.0,0.0,,,,,,,,,,,,,,,,,,,,0.9915047802,,
6308,6381,Leigh Butler,Kyle Bull,NTKO21813251683839,18,0.627505787,0.0,2019-04-11T00:00:00,24,34920.0,20000.0,EmAnaliseDocumentacao,De 0 a 10 % - Muito Baixo,1.0,0.0,0.0,,,,,,,,,,,,,,,,,,,,1.0,,
6326,6399,Conor Bray,Nicholas Hunt,NTJX18140104449201,40,0.3980371352,0.0,2016-07-29T00:00:00,81,1693918.99,2160000.0,EmAnaliseDocumentacao,De 0 a 10 % - Muito Baixo,1.0,0.0,0.0,,,,,,,,,,,,,,,,,,,,0.9725286436,,
6329,6402,Amelia Reid,Mrs. Geraldine Gray,PXNS26198304149891,21,0.3955521614,0.0,2011-06-27T00:00:00,70,54935.49,50000.0,EmAnaliseDocumentacao,De 0 a 10 % - Muito Baixo,1.0,0.0,0.0,,,,,,,,,,,,,,,,,,,,1.0,,
6359,6432,Colin Willis,Toby Coleman,YWAW74961277035994,4,0.0,,2017-09-29T17:29:46,0,0.0,1255000.0,EmAnaliseDocumentacao,De 0 a 10 % - Muito Baixo,1.0,0.0,0.0,,,,,,,,,,,,,,,,,,,,0.0,,
6364,6437,Sam Holden,Hannah Bennett,IOFS82458422164250,3,0.5775383164,0.0,2020-08-18T00:00:00,0,1157142.87,1000000.0,EmAnaliseDocumentacao,De 0 a 10 % - Muito Baixo,1.0,0.0,0.0,,,,,,,,,,,,,,,,,,,,1.0,,
6374,6447,Benjamin Roberts-Hancock,Jane Patel,ZTSR97563600259291,5,0.5757704082,0.0,2016-05-09T00:00:00,0,0.0,10000.0,EmAnaliseDocumentacao,De 0 a 10 % - Muito Baixo,1.0,0.0,0.0,,,,,,,,,,,,,,,,,,,,0.8443215193,,
6386,6459,Mrs. Naomi Osborne,Mrs. Jasmine Lynch,YJXH90455347089755,33,0.2231932527,0.0,2010-10-05T00:00:00,68,66209.82,325000.0,EmAnaliseDocumentacao,De 0 a 10 % - Muito Baixo,1.0,0.0,0.0,,,,,,,,,,,,,,,,,,,,0.8912616894,,
6414,6487,Dr. Rosemary Smith,Charlene Wood,GHQD41933138709188,0,0.0,,2020-11-24T12:01:11,0,0.0,49900.0,EmAnaliseDocumentacao,De 0 a 10 % - Muito Baixo,1.0,0.0,0.0,,,,,,,,,,,,,,,,,,,,0.0,,
6565,6638,Dr. Vanessa Bird,Anne Payne,GTPO06511661214973,25,0.3716760334,0.0,2012-12-21T00:00:00,63,176480.0,430000.0,EmAnaliseDocumentacao,De 0 a 10 % - Muito Baixo,1.0,0.0,0.0,,,,,,,,,,,,,,,,,,,,1.0,,
6586,6659,Timothy Smith,Sam Collins-Bibi,LYTI34499533573184,1,0.4863966071,0.0,2015-07-28T00:00:00,0,0.0,30000.0,EmAnaliseDocumentacao,De 0 a 10 % - Muito Baixo,1.0,0.0,0.0,,,,,,,,,,,,,,,,,,,,1.0,,
6589,6662,Miss Louise Evans,Dale Scott,KGBY45041252394286,3,0.521527343,0.0,2018-03-28T00:00:00,39,205163.37,200000.0,EmAnaliseDocumentacao,De 0 a 10 % - Muito Baixo,1.0,0.0,0.0,,,,,,,,,,,,,,,,,,,,1.0,,
6682,6755,Roger Booth,Miss Jean Singh,OAKV64187970394765,0,0.0,,2020-11-12T18:05:23,0,0.0,100000.0,EmAnaliseDocumentacao,De 0 a 10 % - Muito Baixo,1.0,0.0,0.0,,,,,,,,,,,,,,,,,,,,0.0,,
6683,6756,Roger Booth,Miss Jean Singh,SKJF63373190682270,0,0.0,,2020-11-12T18:04:58,0,0.0,100000.0,EmAnaliseDocumentacao,De 0 a 10 % - Muito Baixo,1.0,0.0,0.0,,,,,,,,,,,,,,,,,,,,0.0,,
6684,6757,Roger Booth,Miss Jean Singh,YMDQ61883458360378,0,0.0,,2020-11-12T18:02:52,0,0.0,100000.0,EmAnaliseDocumentacao,De 0 a 10 % - Muito Baixo,1.0,0.0,0.0,,,,,,,,,,,,,,,,,,,,0.0,,
6685,6758,Roger Booth,Miss Jean Singh,REGK13499749465834,0,0.0,,2020-11-12T18:02:07,0,0.0,100000.0,EmAnaliseDocumentacao,De 0 a 10 % - Muito Baixo,1.0,0.0,0.0,,,,,,,,,,,,,,,,,,,,0.0,,
6686,6759,Roger Booth,Miss Jean Singh,SWDE69152101613749,0,0.0,,2020-11-12T18:00:17,0,0.0,100000.0,EmAnaliseDocumentacao,De 0 a 10 % - Muito Baixo,1.0,0.0,0.0,,,,,,,,,,,,,,,,,,,,0.0,,
6687,6760,Roger Booth,Miss Jean Singh,UJBK14367276902135,0,0.0,,2020-11-12T17:59:22,0,0.0,100000.0,EmAnaliseDocumentacao,De 0 a 10 % - Muito Baixo,1.0,0.0,0.0,,,,,,,,,,,,,,,,,,,,0.0,,
6688,6761,Roger Booth,Miss Jean Singh,TVXV16547061008464,0,0.0,,2020-11-12T18:05:42,0,0.0,100000.0,EmAnaliseDocumentacao,De 0 a 10 % - Muito Baixo,1.0,0.0,0.0,,,,,,,,,,,,,,,,,,,,0.0,,
6724,6797,Linda Fuller-Johnson,Heather Jordan,IOJP67899301164963,96,0.3119879327,0.0,2013-01-24T00:00:00,171,14117.8,350000.0,EmAnaliseDocumentacao,De 0 a 10 % - Muito Baixo,1.0,0.0,0.0,,,,,,,,,,,,,,,,,,,,1.0,,
6803,6876,Matthew Hughes,Rachel Hussain-Brady,EGPX74969793499965,3,0.2435228153,0.0,2020-08-04T00:00:00,26,38187.99,100000.0,EmAnaliseDocumentacao,De 0 a 10 % - Muito Baixo,1.0,0.0,0.0,,,,,,,,,,,,,,,,,,,,1.0,,
6811,6884,Ms. Lorraine Taylor,Josh Kaur-Schofield,RNXF40207397014544,140,0.3650806472,0.0,2012-12-21T00:00:00,167,99916.0,150000.0,EmAnaliseDocumentacao,De 0 a 10 % - Muito Baixo,1.0,0.0,0.0,,,,,,,,,,,,,,,,,,,,0.5822230579,,
6831,6904,Conor Bray,Nicholas Hunt,NTJX18140104449201,40,0.3980371352,0.0,2016-07-29T00:00:00,81,1693918.99,3000000.0,EmAnaliseDocumentacao,De 0 a 10 % - Muito Baixo,1.0,0.0,0.0,,,,,,,,,,,,,,,,,,,,0.9725286436,,
6895,6968,Mandy Morgan,Miss Sharon Wood,ZYMM04015018312932,27,0.3770236341,0.0,2017-11-23T00:00:00,67,387169.99,550000.0,EmAnaliseDocumentacao,De 0 a 10 % - Muito Baixo,1.0,0.0,0.0,,,,,,,,,,,,,,,,,,,,1.0,,
6903,6976,Dr. Bradley Wood,Dr. Stuart Johnson,KAWX03826819107908,0,0.3814062206,0.0,2015-11-20T00:00:00,0,0.0,15000.0,EmAnaliseDocumentacao,De 0 a 10 % - Muito Baixo,1.0,0.0,0.0,,,,,,,,,,,,,,,,,,,,1.0,,
6917,6990,Clifford Cooper,Justin Quinn-Stanley,CKWJ48521633259803,5,0.526992319,0.0,2018-02-15T00:00:00,0,0.0,50000.0,EmAnaliseDocumentacao,De 0 a 10 % - Muito Baixo,1.0,0.0,0.0,,,,,,,,,,,,,,,,,,,,1.0,,
6946,7019,Mr. Danny Bradley,Mrs. Beverley Khan,DQHR28993190990331,3,0.4436771274,0.0,2018-09-28T00:00:00,507,154941.09,300000.0,EmAnaliseDocumentacao,De 0 a 10 % - Muito Baixo,0.9107142857142856,0.0892857142857142,0.866025403784439,,,2019-12-31T03:00:00,229575176.0,170367087.0,287899457.0,111362263.0,4604011.0,65581204.0,113438883.0,896648067.0,288100210.0,12.0,608547857.0,2002.0,Acima de 17 anos,78600000.0,False,False,1.0,41014511.0,
6963,7036,Dr. Zoe Jackson,Holly Ali,ZLOX52306499672283,0,0.0,,2020-12-11T11:27:59,0,0.0,300000.0,EmAnaliseDocumentacao,De 0 a 10 % - Muito Baixo,1.0,0.0,0.0,,,,,,,,,,,,,,,,,,,,0.0,,
6992,7065,Sarah Wright,Max Simpson,ULJV78710691412033,6,0.504242511,0.0,2016-03-21T00:00:00,0,365280.77,800000.0,EmAnaliseDocumentacao,De 0 a 10 % - Muito Baixo,1.0,0.0,0.0,,,,,,,,,,,,,,,,,,,,1.0,,
7038,7111,Dr. Karl Webster,Harry Robinson,CQFL28442892468834,8,0.4523612213,0.0,2007-08-29T00:00:00,41,767078.27,100000.0,EmAnaliseDocumentacao,De 0 a 10 % - Muito Baixo,0.9642857142857142,0.0357142857142857,-0.89895028654329,,,2020-08-31T03:00:00,17835544.0,9953825.0,20811945.0,10858119.0,0.0,3789277.0,5460215.0,33286596.0,13057423.0,8.0,20229173.0,1990.0,Acima de 17 anos,260000.0,False,False,0.9370702299,228000.0,
7083,7156,Jeremy Jones-Wallis,Cheryl Lee,EVIS64339646315210,27,0.4292453492,0.0,2016-03-03T00:00:00,25,18700.68,30000.0,EmAnaliseDocumentacao,De 0 a 10 % - Muito Baixo,1.0,0.0,0.0,,,,,,,,,,,,,,,,,,,,0.9818639502,,
7142,7215,Lorraine Ferguson,Keith Taylor,JIJH12681859286687,0,0.2493387139,0.0,2020-12-02T00:00:00,0,0.0,26000.0,EmAnaliseDocumentacao,De 0 a 10 % - Muito Baixo,1.0,0.0,0.0,,,,,,,,,,,,,,,,,,,,1.0,,
7219,7292,Nicholas Richardson,Ricky Fraser,GFFP53341113541195,52,0.0,,2006-03-15T15:05:10,0,0.0,400.0,EmAnaliseDocumentacao,De 0 a 10 % - Muito Baixo,1.0,0.0,0.0,,,,,,,,,,,,,,,,,,,,0.0,,
7250,7323,Dr. Karen Robinson,Jemma Hawkins,GGZG90737805605887,42,0.0,,2014-12-09T10:16:01,0,0.0,1000000.0,EmAnaliseDocumentacao,De 0 a 10 % - Muito Baixo,1.0,0.0,0.0,,,,,,,,,,,,,,,,,,,,0.0,,
7272,7345,Ms. Nicole Webb,Jay Russell,RNVV51983315806829,62,0.6189278945,0.0,2017-11-30T00:00:00,80,34503.01,40000.0,EmAnaliseDocumentacao,De 0 a 10 % - Muito Baixo,1.0,0.0,0.0,,,,,,,,,,,,,,,,,,,,0.8464687728,,
7278,7351,Ms. Nicole Webb,Jay Russell,RNVV51983315806829,62,0.6189278945,0.0,2017-11-30T00:00:00,80,34503.01,85000.0,EmAnaliseDocumentacao,De 0 a 10 % - Muito Baixo,1.0,0.0,0.0,,,,,,,,,,,,,,,,,,,,0.8464687728,,
7284,7357,Mrs. Ashleigh Wong,Aimee Whitehead-Kennedy,DVMG86991450661471,14,0.4888255182,0.0,2020-08-07T00:00:00,0,0.0,10000.0,EmAnaliseDocumentacao,De 0 a 10 % - Muito Baixo,1.0,0.0,0.0,,,,,,,,,,,,,,,,,,,,1.0,,
7335,7408,Mr. Kyle Morgan,Mr. Kenneth Woodward,YKAN20110292045834,4,0.3794353822,0.0,2015-10-15T00:00:00,0,0.0,350000.0,EmAnaliseDocumentacao,De 0 a 10 % - Muito Baixo,1.0,0.0,0.0,,,,,,,,,,,,,,,,,,,,1.0,,
7350,7423,Dr. Alex Ward,Elaine Ford,ZKTF00706386875636,315,0.5308344846,0.0,2016-09-09T00:00:00,2,31464.0,2500000.0,EmAnaliseDocumentacao,De 11 a 30 % - Baixo,0.75,0.25,0.0,,,2019-12-31T03:00:00,23738735.0,10912857.0,52408653.0,21912291.0,60012.0,12457461.0,5986284.0,61508166.0,29743967.0,12.0,31764199.0,2005.0,De 11 a 16 anos,2000000.0,False,False,1.0,1626049.0,
7358,7431,Dr. Alex Ward,Elaine Ford,ZKTF00706386875636,315,0.5308344846,0.0,2016-09-09T00:00:00,2,31464.0,2500000.0,EmAnaliseDocumentacao,De 0 a 10 % - Muito Baixo,1.0,0.0,0.0,,,,,,,,,,,,,,,,,,,,1.0,,
7385,7458,Ricky Kelly,Anne Welch-Campbell,OPNI24346853582080,5,0.0,,2019-01-29T14:11:28,0,0.0,1700000.0,EmAnaliseDocumentacao,De 0 a 10 % - Muito Baixo,1.0,0.0,0.0,,,,,,,,,,,,,,,,,,,,0.0,,
7386,7459,Ricky Kelly,Anne Welch-Campbell,OPNI24346853582080,5,0.0,,2019-01-29T14:11:28,0,0.0,1800000.0,EmAnaliseDocumentacao,De 0 a 10 % - Muito Baixo,1.0,0.0,0.0,,,,,,,,,,,,,,,,,,,,0.0,,
7393,7466,Bethany Turner,Graeme Turnbull,DRLH79413672718892,0,0.5143666319,0.0,2019-11-13T00:00:00,97,3916.18,5000.0,EmAnaliseDocumentacao,De 0 a 10 % - Muito Baixo,1.0,0.0,0.0,,,,,,,,,,,,,,,,,,,,1.0,,
7396,7469,Ross Griffin-Richardson,Edward Griffiths-Naylor,MJZB11937651272690,0,0.5611879619,0.0,2019-05-06T00:00:00,13,1220.0,20000.0,EmAnaliseDocumentacao,De 0 a 10 % - Muito Baixo,1.0,0.0,0.0,,,,,,,,,,,,,,,,,,,,1.0,,
7431,7504,Dr. Deborah Grant,Ms. Zoe Ryan,UFIW88014780873641,8,0.0408820571,0.0,2017-07-28T00:00:00,0,0.0,15000.0,EmAnaliseDocumentacao,De 0 a 10 % - Muito Baixo,1.0,0.0,0.0,,,,,,,,,,,,,,,,,,,,0.9615758397,,
7453,7526,Aimee Burke,Dr. Edward Stevenson,FWFK37150478327468,15,0.4295009528,0.0,2006-06-26T00:00:00,0,297070.04,680000.0,EmAnaliseDocumentacao,De 0 a 10 % - Muito Baixo,1.0,0.0,0.0,,,,,,,,,,,,,,,,,,,,1.0,,
7508,7581,Robin Morley,Mandy Blake,PHAH89661785417349,15,0.3196524397,0.0,2014-05-08T00:00:00,12,1428.0,10000.0,EmAnaliseDocumentacao,De 0 a 10 % - Muito Baixo,1.0,0.0,0.0,,,,,,,,,,,,,,,,,,,,1.0,,
7523,7596,Alan Kemp-Davis,Joanna Hall,IUGP42298118866303,3,0.6083744908,0.0,2017-10-24T00:00:00,0,0.0,15000.0,EmAnaliseDocumentacao,De 0 a 10 % - Muito Baixo,1.0,0.0,0.0,,,,,,,,,,,,,,,,,,,,1.0,,
7543,7616,Malcolm Bolton,Janet Owen,ILVD04250361101576,14,0.0,,2018-08-27T10:47:14,0,0.0,2600000.0,EmAnaliseDocumentacao,De 0 a 10 % - Muito Baixo,1.0,0.0,0.0,,,,,,,,,,,,,,,,,,,,0.0,,
7584,7657,Kim Jones,Miss Sandra Green,FGXZ80203693766481,0,0.0,,2016-06-17T10:22:08,0,0.0,45000.0,EmAnaliseDocumentacao,De 0 a 10 % - Muito Baixo,1.0,0.0,0.0,,,,,,,,,,,,,,,,,,,,0.0,,
7603,7676,Dr. Lynda Pearson,Natasha Jones,DSLY78390943292707,69,0.5117554369,0.0,2015-06-18T00:00:00,51,365200.78,300000.0,EmAnaliseDocumentacao,De 0 a 10 % - Muito Baixo,1.0,0.0,0.0,,,,,,,,,,,,,,,,,,,,0.9693824085,,
7653,7726,Mr. Gerald Hall,Mr. Craig Jones,XTCO46588485958907,0,0.4765850321,0.0,2021-01-05T00:00:00,7,7135.0,30000.0,EmAnaliseDocumentacao,De 0 a 10 % - Muito Baixo,1.0,0.0,0.0,,,,,,,,,,,,,,,,,,,,1.0,,
7657,7730,Mr. Alexander Gregory,Lynda Lewis-Akhtar,JZJP07196050491367,17,0.490601749,0.0,2014-02-13T00:00:00,0,0.0,50000.0,EmAnaliseDocumentacao,De 0 a 10 % - Muito Baixo,1.0,0.0,0.0,,,,,,,,,,,,,,,,,,,,0.9479710347,,
7658,7731,Christian Armstrong,Pamela James,DVTI54791835511146,0,0.0,,2019-02-14T17:27:57,0,0.0,50000.0,EmAnaliseDocumentacao,De 0 a 10 % - Muito Baixo,1.0,0.0,0.0,,,,,,,,,,,,,,,,,,,,0.0,,
7659,7732,Christian Armstrong,Pamela James,DVTI54791835511146,0,0.0,,2019-02-14T17:27:57,0,0.0,50000.0,EmAnaliseDocumentacao,De 0 a 10 % - Muito Baixo,1.0,0.0,0.0,,,,,,,,,,,,,,,,,,,,0.0,,
7662,7735,Mr. Alexander Gregory,Lynda Lewis-Akhtar,JZJP07196050491367,17,0.490601749,0.0,2014-02-13T00:00:00,0,0.0,50000.0,EmAnaliseDocumentacao,De 0 a 10 % - Muito Baixo,1.0,0.0,0.0,,,,,,,,,,,,,,,,,,,,0.9479710347,,
7663,7736,Carl Anderson,Mr. Cameron Burke,TQFP06444362140364,3,0.1818755793,0.0,2008-01-21T00:00:00,0,0.0,70000.0,EmAnaliseDocumentacao,De 0 a 10 % - Muito Baixo,1.0,0.0,0.0,,,,,,,,,,,,,,,,,,,,1.0,,
7695,7768,Eileen Wilson,Leah Oliver,IFBY01637045967891,40,0.4932755544,0.0,2013-11-28T00:00:00,0,0.0,600000000.0,EmAnaliseDocumentacao,De 0 a 10 % - Muito Baixo,1.0,0.0,0.0,,,,,,,,,,,,,,,,,,,,0.9526697043,,
7703,7776,Kieran Crawford-Barker,Ashley Manning,NNZO36223160420470,25,0.4425747526,0.0,2017-09-19T00:00:00,0,9769.12,60000.0,EmAnaliseDocumentacao,De 0 a 10 % - Muito Baixo,1.0,0.0,0.0,,,,,,,,,,,,,,,,,,,,0.975464997,,
7727,7800,Amy Moore-James,Karen Sinclair-Grant,DCNC68630446435434,7,0.4784275973,0.0,2016-10-13T00:00:00,20,209794.37,1000000.0,EmAnaliseDocumentacao,De 0 a 10 % - Muito Baixo,1.0,0.0,0.0,,,,,,,,,,,,,,,,,,,,0.9837729653,,
7815,7888,Dr. Anne Shaw,Luke Mitchell-Bates,FNQH11760832083245,24,0.4205560185,0.0,2012-02-14T00:00:00,30,69643.75,120000.0,EmAnaliseDocumentacao,De 0 a 10 % - Muito Baixo,1.0,0.0,0.0,,,,,,,,,,,,,,,,,,,,1.0,,
7829,7902,Dr. Joel Scott,Trevor Thompson-Graham,WQGR61841788383763,2,0.6063433047,0.0,2015-09-16T00:00:00,0,0.0,15000.0,EmAnaliseDocumentacao,De 0 a 10 % - Muito Baixo,1.0,0.0,0.0,,,,,,,,,,,,,,,,,,,,1.0,,
7834,7907,Gail Wells,Marilyn Holden,YFOX89081083275452,10,0.4445438293,0.0,2015-12-07T00:00:00,64,427368.68,2000000.0,EmAnaliseDocumentacao,De 0 a 10 % - Muito Baixo,1.0,0.0,0.0,,,,,,,,,,,,,,,,,,,,0.9981274193,,
7835,7908,Samuel O'Sullivan,Dr. Max Robertson,FUIX20370674000605,0,0.5098565154,0.0,2020-06-01T00:00:00,0,0.0,10000.0,EmAnaliseDocumentacao,De 0 a 10 % - Muito Baixo,1.0,0.0,0.0,,,,,,,,,,,,,,,,,,,,1.0,,
7842,7915,Claire Turner,Billy Barrett,JTRW36218876885399,279,0.3153470425,0.0,2013-01-31T00:00:00,0,0.0,20000.0,EmAnaliseDocumentacao,De 0 a 10 % - Muito Baixo,1.0,0.0,0.0,,,,,,,,,,,,,,,,,,,,1.0,,
7851,7924,Mr. Edward Cook,Ms. Kimberley Foster,VFBF43852782745298,0,0.5884428571,0.0,2020-06-10T00:00:00,0,0.0,20000.0,EmAnaliseDocumentacao,De 0 a 10 % - Muito Baixo,1.0,0.0,0.0,,,,,,,,,,,,,,,,,,,,1.0,,
7917,7990,Melanie Martin,Michael Richardson,ZSEQ91694256788697,0,0.4620070301,0.0,2019-07-02T00:00:00,0,0.0,15000.0,EmAnaliseDocumentacao,De 0 a 10 % - Muito Baixo,1.0,0.0,0.0,,,,,,,,,,,,,,,,,,,,1.0,,
7973,8046,Heather Smart,Jayne Kaur,YEAY83878257818069,4,0.6338403756,0.0,2019-07-29T00:00:00,18,6390.0,50000.0,EmAnaliseDocumentacao,De 0 a 10 % - Muito Baixo,1.0,0.0,0.0,,,,,,,,,,,,,,,,,,,,1.0,,
8008,8081,Dr. Cheryl Lee,Dr. Simon Howard,RDCH28687737008977,45,0.5631451343,0.0,2006-06-05T00:00:00,51,46343.25,80000.0,EmAnaliseDocumentacao,De 0 a 10 % - Muito Baixo,1.0,0.0,0.0,,,,,,,,,,,,,,,,,,,,0.9174951162,,
8035,8108,Ricky Murphy,Dr. Beverley Simmons,HXOO43397803875562,44,0.404007513,0.0,2006-10-19T00:00:00,24,122861.63,350000.0,EmAnaliseDocumentacao,De 0 a 10 % - Muito Baixo,1.0,0.0,0.0,,,,,,,,,,,,,,,,,,,,0.9805018025,,
8067,8140,Kerry Kaur,Dr. Guy Gallagher,VDBA21302131989643,0,0.376078526,0.0,2018-07-12T00:00:00,0,0.0,70000.0,EmAnaliseDocumentacao,De 0 a 10 % - Muito Baixo,1.0,0.0,0.0,,,,,,,,,,,,,,,,,,,,1.0,,
8130,8203,Brett Horton-Davey,Ms. Lynn Thomas,QPJX12071347335105,32,0.0,,2011-05-10T11:43:11,0,0.0,70000.0,EmAnaliseDocumentacao,De 0 a 10 % - Muito Baixo,1.0,0.0,0.0,,,,,,,,,,,,,,,,,,,,0.0,,
8152,8225,Mr. Danny Bradley,Mrs. Beverley Khan,DQHR28993190990331,3,0.4436771274,0.0,2018-09-28T00:00:00,507,154941.09,4000000.0,EmAnaliseDocumentacao,De 0 a 10 % - Muito Baixo,1.0,0.0,0.0,,,,,,,,,,,,,,,,,,,,1.0,,
8153,8226,Mr. Danny Bradley,Mrs. Beverley Khan,DQHR28993190990331,3,0.4436771274,0.0,2018-09-28T00:00:00,507,154941.09,3500000.0,EmAnaliseDocumentacao,De 0 a 10 % - Muito Baixo,1.0,0.0,0.0,,,,,,,,,,,,,,,,,,,,1.0,,
8170,8243,Harriet Smith,Miss Joan Wood,GMOJ17978101331693,68,0.0,,2019-02-22T17:11:16,0,0.0,70000.0,EmAnaliseDocumentacao,De 0 a 10 % - Muito Baixo,1.0,0.0,0.0,,,,,,,,,,,,,,,,,,,,0.0,,
8177,8250,Miss Jayne Parsons,Darren Taylor-Allan,ZAIL93857113734068,0,0.6170748107,0.0,2020-07-14T00:00:00,0,0.0,100000.0,EmAnaliseDocumentacao,De 0 a 10 % - Muito Baixo,1.0,0.0,0.0,,,,,,,,,,,,,,,,,,,,1.0,,
8194,8267,Stanley Cross,Dr. Lewis Wilkinson,WTAV86938882627711,6,0.3933354207,0.0,2019-02-28T00:00:00,0,3420.0,150000.0,EmAnaliseDocumentacao,De 0 a 10 % - Muito Baixo,1.0,0.0,0.0,,,,,,,,,,,,,,,,,,,,1.0,,
8197,8270,Amber Smith,Chelsea Smith-Cox,EFMB43041243982596,4,0.5074172904,0.0,2013-03-28T00:00:00,0,0.0,500000.0,EmAnaliseDocumentacao,De 0 a 10 % - Muito Baixo,1.0,0.0,0.0,,,,,,,,,,,,,,,,,,,,1.0,,
8211,8284,Kirsty Haynes-Green,Ricky Bartlett,OBUO85813255423758,9,0.4436293532,0.0,2013-07-15T00:00:00,63,335597.76,90000.0,EmAnaliseDocumentacao,De 0 a 10 % - Muito Baixo,1.0,0.0,0.0,,,,,,,,,,,,,,,,,,,,1.0,,
8216,8289,Diane Alexander,Luke Wilson,RHFM12341950708935,150,0.3251118842,0.0,2017-08-21T00:00:00,0,0.0,50000.0,EmAnaliseDocumentacao,De 0 a 10 % - Muito Baixo,1.0,0.0,0.0,,,,,,,,,,,,,,,,,,,,0.9635468891,,
8249,8322,Gerard Williams,Dr. Jacob Hall,XUHW33446580418435,0,0.5054931537,0.0,2021-01-08T00:00:00,0,0.0,50000.0,EmAnaliseDocumentacao,De 0 a 10 % - Muito Baixo,1.0,0.0,0.0,,,,,,,,,,,,,,,,,,,,1.0,,
8251,8324,Dr. Julian Simpson,Christopher Little,EJPQ10704673671937,0,0.5308268734,0.0,2020-05-13T00:00:00,28,4644.0,20000.0,EmAnaliseDocumentacao,De 0 a 10 % - Muito Baixo,1.0,0.0,0.0,,,,,,,,,,,,,,,,,,,,1.0,,
8253,8326,Melanie Howard,Dennis Hughes,MJCI30119118559623,0,0.3494623749,0.0,2021-01-07T00:00:00,0,0.0,70000.0,EmAnaliseDocumentacao,De 0 a 10 % - Muito Baixo,1.0,0.0,0.0,,,,,,,,,,,,,,,,,,,,1.0,,
8254,8327,Miss Natasha Lawson,Shane Dunn,NKFA26174961011837,6,0.502246382,0.0,2020-10-07T00:00:00,0,0.0,35000.0,EmAnaliseDocumentacao,De 0 a 10 % - Muito Baixo,1.0,0.0,0.0,,,,,,,,,,,,,,,,,,,,1.0,,
8255,8328,Miss Natasha Lawson,Shane Dunn,NKFA26174961011837,6,0.502246382,0.0,2020-10-07T00:00:00,0,0.0,35000.0,EmAnaliseDocumentacao,De 0 a 10 % - Muito Baixo,1.0,0.0,0.0,,,,,,,,,,,,,,,,,,,,1.0,,
8257,8330,Carole Cox-Ellis,Dr. Judith Woods,CKHJ51070864129386,76,0.3333242317,0.0,2019-07-04T00:00:00,0,0.0,50000.0,EmAnaliseDocumentacao,De 0 a 10 % - Muito Baixo,1.0,0.0,0.0,,,,,,,,,,,,,,,,,,,,1.0,,
8259,8332,Joanna Brown,Wayne Barnes,KMUF11634510708042,69,0.3116333928,0.0,2006-06-05T00:00:00,34,40355.96,60000.0,EmAnaliseDocumentacao,De 0 a 10 % - Muito Baixo,1.0,0.0,0.0,,,,,,,,,,,,,,,,,,,,1.0,,
8260,8333,Joanna Brown,Wayne Barnes,KMUF11634510708042,69,0.3116333928,0.0,2006-06-05T00:00:00,34,40355.96,60000.0,EmAnaliseDocumentacao,De 0 a 10 % - Muito Baixo,1.0,0.0,0.0,,,,,,,,,,,,,,,,,,,,1.0,,
8264,8337,Dr. Frederick Foster,Judith Ingram-Jones,LGTS45864344353183,0,0.4144450434,0.0,2017-01-11T00:00:00,0,0.0,5000.0,EmAnaliseDocumentacao,De 0 a 10 % - Muito Baixo,1.0,0.0,0.0,,,,,,,,,,,,,,,,,,,,1.0,,
8266,8339,Mr. Ronald Reeves,Jonathan Johnson,MXAH20993874964162,5,0.3989547761,0.0,2010-02-02T00:00:00,0,0.0,50000.0,EmAnaliseDocumentacao,De 0 a 10 % - Muito Baixo,1.0,0.0,0.0,,,,,,,,,,,,,,,,,,,,1.0,,
8296,8369,Miss Sheila Edwards,Naomi Hughes,XZPR43540991153877,118,0.488708111,0.0,2006-03-15T00:00:00,29,17352.24,50000.0,EmAnaliseDocumentacao,De 0 a 10 % - Muito Baixo,1.0,0.0,0.0,,,,,,,,,,,,,,,,,,,,1.0,,
8383,8456,Adrian Perry-Reynolds,Debra Dodd,WPQE70775152583185,0,0.5173286642,0.0,2021-01-15T00:00:00,0,0.0,20000.0,EmAnaliseDocumentacao,De 0 a 10 % - Muito Baixo,1.0,0.0,0.0,,,,,,,,,,,,,,,,,,,,1.0,,
8387,8460,Annette Payne,Dr. Adrian Carr,YJAW94222371363532,5,0.3793966492,0.0,2018-08-17T00:00:00,0,0.0,10000.0,EmAnaliseDocumentacao,De 0 a 10 % - Muito Baixo,1.0,0.0,0.0,,,,,,,,,,,,,,,,,,,,1.0,,
8388,8461,Sophie Hunter,Dr. Steven Owen,CENS32215094977064,0,0.2456520187,0.0,2018-07-24T00:00:00,0,0.0,10000.0,EmAnaliseDocumentacao,De 0 a 10 % - Muito Baixo,1.0,0.0,0.0,,,,,,,,,,,,,,,,,,,,1.0,,
8467,8540,Dr. Kieran Khan,Mr. Kieran Collins,ESMH78449767384491,5,0.2364903704,0.0,2019-02-15T00:00:00,54,33750.0,100000.0,EmAnaliseDocumentacao,De 0 a 10 % - Muito Baixo,1.0,0.0,0.0,,,,,,,,,,,,,,,,,,,,1.0,,
8487,8560,Dr. Luke Ahmed,Danielle Jackson,FQSV38617597608237,9,0.3551979679,0.0,2014-04-25T00:00:00,39,452385.76,800000.0,EmAnaliseDocumentacao,De 0 a 10 % - Muito Baixo,1.0,0.0,0.0,,,,,,,,,,,,,,,,,,,,0.9960238971,,
8521,8594,Dr. Eleanor Moore,Lesley Hutchinson,QDDW60510563211221,0,0.6149698602,0.0,2020-05-13T00:00:00,0,0.0,50000.0,EmAnaliseDocumentacao,De 0 a 10 % - Muito Baixo,1.0,0.0,0.0,,,,,,,,,,,,,,,,,,,,1.0,,
8534,8607,Jamie Bell,Ms. Carol Murray,BEKV21930534194086,5,0.2301579107,0.0,2020-12-22T00:00:00,15,265650.0,500000.0,EmAnaliseDocumentacao,De 0 a 10 % - Muito Baixo,1.0,0.0,0.0,,,,,,,,,,,,,,,,,,,,1.0,,
8539,8612,Mr. Christian Wilkinson,Rachael Bradshaw,XQET87428871843993,0,0.4655674265,0.0,2019-11-05T00:00:00,28,46608.0,150000.0,EmAnaliseDocumentacao,De 0 a 10 % - Muito Baixo,1.0,0.0,0.0,,,,,,,,,,,,,,,,,,,,1.0,,
8553,8626,Tina Simpson,Lesley Lyons,LBPY51960161345431,4,0.5942293921,0.0,2016-09-21T00:00:00,0,0.0,100000.0,EmAnaliseDocumentacao,De 0 a 10 % - Muito Baixo,1.0,0.0,0.0,,,,,,,,,,,,,,,,,,,,1.0,,
8594,8667,Mrs. Molly Dobson,June Gardner,KIGW18734382218725,3,0.5733075245,0.0,2013-07-29T00:00:00,0,0.0,40000.0,EmAnaliseDocumentacao,De 0 a 10 % - Muito Baixo,1.0,0.0,0.0,,,,,,,,,,,,,,,,,,,,1.0,,
8689,8762,Martin Stevenson,Dylan Fox,RHIK25779763492499,19,0.5686864914,0.0,2018-12-20T00:00:00,54,820167.46,3000000.0,EmAnaliseDocumentacao,De 11 a 30 % - Baixo,0.7857142857142857,0.2142857142857142,0.871340644514528,,,2019-12-31T03:00:00,462154606.0,358265908.0,117738073.0,216935613.0,0.0,173982211.0,194285492.0,1638235909.0,465361906.0,12.0,1172874003.0,2012.0,De 6 a 10 anos,10000000.0,True,False,1.0,0.0,
8702,8775,Shane Wright,Dominic Taylor,PWKB17417173046971,94,0.0,,2006-04-26T09:51:14,0,0.0,6200000.0,EmAnaliseDocumentacao,De 0 a 10 % - Muito Baixo,1.0,0.0,0.0,,,,,,,,,,,,,,,,,,,,0.0,,
8703,8776,Bethany Webb,Dominic Taylor,ONXI74334100855948,8,0.0,,2020-08-20T17:12:32,0,0.0,850000.0,EmAnaliseDocumentacao,De 0 a 10 % - Muito Baixo,1.0,0.0,0.0,,,,,,,,,,,,,,,,,,,,0.0,,
8737,8810,Glenn Leach,Mr. Sean Perkins,YIOY53848646727585,3,0.5481027542,0.0,2017-01-05T00:00:00,0,0.0,30000.0,EmAnaliseDocumentacao,De 0 a 10 % - Muito Baixo,1.0,0.0,0.0,,,,,,,,,,,,,,,,,,,,1.0,,
8748,8821,Trevor Wright,Jonathan Williams,ZMDG09040307920904,4,0.2249504644,0.0,2013-07-31T00:00:00,0,0.0,90000.0,EmAnaliseDocumentacao,De 0 a 10 % - Muito Baixo,1.0,0.0,0.0,,,,,,,,,,,,,,,,,,,,1.0,,
8778,8851,Mr. Robin Mills,Melissa Spencer,VGFE24035565605060,149,0.290294032,0.0,2006-03-06T00:00:00,46,129534.99,200000.0,EmAnaliseDocumentacao,De 0 a 10 % - Muito Baixo,1.0,0.0,0.0,,,,,,,,,,,,,,,,,,,,0.96607562,,
8800,8873,Ms. Megan Holmes,Dr. Sylvia Allen,HWJL33905126369048,93,0.2716451172,0.0,2018-12-31T00:00:00,0,0.0,50000.0,EmAnaliseDocumentacao,De 0 a 10 % - Muito Baixo,1.0,0.0,0.0,,,,,,,,,,,,,,,,,,,,1.0,,
8801,8874,Ms. Megan Holmes,Dr. Sylvia Allen,HWJL33905126369048,93,0.2716451172,0.0,2018-12-31T00:00:00,0,0.0,50000.0,EmAnaliseDocumentacao,De 0 a 10 % - Muito Baixo,1.0,0.0,0.0,,,,,,,,,,,,,,,,,,,,1.0,,
8802,8875,Ms. Jane Bentley,Louis Stevens,YWIC65107694216011,3,0.3570699771,0.0,2018-03-13T00:00:00,0,0.0,30000.0,EmAnaliseDocumentacao,De 0 a 10 % - Muito Baixo,1.0,0.0,0.0,,,,,,,,,,,,,,,,,,,,1.0,,
8821,8894,Dr. Joe Heath,Abdul Macdonald,FNQU36599137788591,4,0.0,,2020-09-22T11:18:13,0,0.0,3200000.0,EmAnaliseDocumentacao,De 0 a 10 % - Muito Baixo,1.0,0.0,0.0,,,,,,,,,,,,,,,,,,,,0.0,,
8888,8961,Dr. Sandra Holmes,Jordan Parker,IRBG87899838891065,0,0.5584787879,0.0,2020-05-18T00:00:00,0,0.0,10000.0,EmAnaliseDocumentacao,De 0 a 10 % - Muito Baixo,1.0,0.0,0.0,,,,,,,,,,,,,,,,,,,,1.0,,
8892,8965,Deborah Jones-Chapman,Brenda Powell,XDOI61813662894279,96,0.376022528,0.0,2013-03-04T00:00:00,0,0.0,30000.0,EmAnaliseDocumentacao,De 0 a 10 % - Muito Baixo,1.0,0.0,0.0,,,,,,,,,,,,,,,,,,,,0.9236243543,,
8907,8980,Annette Kennedy,Dr. Jay Howell,UATY24535914217487,3,0.3883456915,0.0,2016-09-20T00:00:00,0,0.0,45000.0,EmAnaliseDocumentacao,De 0 a 10 % - Muito Baixo,1.0,0.0,0.0,,,,,,,,,,,,,,,,,,,,1.0,,
8910,8983,Miss Holly Dyer,Louis O'Donnell,LAHP29255752573624,65,0.326171528,0.0,2012-05-16T00:00:00,0,0.0,20000.0,EmAnaliseDocumentacao,De 0 a 10 % - Muito Baixo,1.0,0.0,0.0,,,,,,,,,,,,,,,,,,,,0.9342657706,,
8912,8985,Miss Holly Dyer,Louis O'Donnell,LAHP29255752573624,65,0.326171528,0.0,2012-05-16T00:00:00,0,0.0,20000.0,EmAnaliseDocumentacao,De 0 a 10 % - Muito Baixo,1.0,0.0,0.0,,,,,,,,,,,,,,,,,,,,0.9342657706,,
8944,9017,Jamie Evans,Bryan Todd,QNEB59515972606075,149,0.2459008511,0.0,2011-08-31T00:00:00,222,94801.68,367000.0,EmAnaliseDocumentacao,De 0 a 10 % - Muito Baixo,1.0,0.0,0.0,,,,,,,,,,,,,,,,,,,,1.0,,
8962,9035,Benjamin Jones-Hughes,Heather Parker,BCWN37775106133030,0,0.4682240708,0.0,2017-06-22T00:00:00,0,0.0,60000.0,EmAnaliseDocumentacao,De 0 a 10 % - Muito Baixo,1.0,0.0,0.0,,,,,,,,,,,,,,,,,,,,1.0,,
8964,9037,Judith Ryan,Dr. Anthony Moore,ZSXK54917208221164,2,0.5036020997,0.0,2019-01-10T00:00:00,27,9470.0,60000.0,EmAnaliseDocumentacao,De 0 a 10 % - Muito Baixo,1.0,0.0,0.0,,,,,,,,,,,,,,,,,,,,1.0,,
8965,9038,Anthony Dyer,Dr. Malcolm Young,LMBV84416588710179,0,0.3824257821,0.0,2020-03-31T00:00:00,32,10700.18,45000.0,EmAnaliseDocumentacao,De 0 a 10 % - Muito Baixo,1.0,0.0,0.0,,,,,,,,,,,,,,,,,,,,1.0,,
8966,9039,Dr. Victor Hobbs,Sean Green-Read,HSZH55177567038605,0,0.49803881,0.0,2020-03-06T00:00:00,0,0.0,20000.0,EmAnaliseDocumentacao,De 0 a 10 % - Muito Baixo,1.0,0.0,0.0,,,,,,,,,,,,,,,,,,,,1.0,,
8967,9040,Dr. Victor Hobbs,Sean Green-Read,HSZH55177567038605,0,0.49803881,0.0,2020-03-06T00:00:00,0,0.0,20000.0,EmAnaliseDocumentacao,De 0 a 10 % - Muito Baixo,1.0,0.0,0.0,,,,,,,,,,,,,,,,,,,,1.0,,
8968,9041,Leah Williams,Georgia Booth,YKGZ02907098931653,149,0.306579662,0.0,2006-04-26T00:00:00,59,599964.04,900000.0,EmAnaliseDocumentacao,De 0 a 10 % - Muito Baixo,1.0,0.0,0.0,,,,,,,,,,,,,,,,,,,,0.9908762242,,
8969,9042,Mr. Jordan Stevens,Miss Ellie Kelly,UCBM91111020900951,23,0.3297961267,0.0,2016-08-03T00:00:00,0,0.0,150000.0,EmAnaliseDocumentacao,De 0 a 10 % - Muito Baixo,1.0,0.0,0.0,,,,,,,,,,,,,,,,,,,,0.9588687939,,
8970,9043,Mr. Barry Wells,Danielle Hudson,CLDB61185288622179,3,0.3839191917,0.0,2018-10-25T00:00:00,4,2933.38,150000.0,EmAnaliseDocumentacao,De 0 a 10 % - Muito Baixo,1.0,0.0,0.0,,,,,,,,,,,,,,,,,,,,1.0,,
8971,9044,Keith Jones,Steven Kennedy-Jones,BRJP37453437154592,11,0.4240991321,0.0,2011-08-10T00:00:00,31,559679.98,1290000.0,EmAnaliseDocumentacao,De 0 a 10 % - Muito Baixo,1.0,0.0,0.0,,,,,,,,,,,,,,,,,,,,0.9947858507,,
8972,9045,Cheryl Johnson,Chelsea Kay-Sinclair,COZD54939108010752,4,0.3650411762,0.0,2009-05-27T00:00:00,56,13640.01,50000.0,EmAnaliseDocumentacao,De 0 a 10 % - Muito Baixo,1.0,0.0,0.0,,,,,,,,,,,,,,,,,,,,1.0,,
